Godot Engine v4.7.1.stable.official.a13da4feb - https://godotengine.org

[   0% ] [90m[1mfirst_scan_filesystem[22m | Started 项目初始化 (5 steps)[39m[0m
[   0% ] [90m[1mfirst_scan_filesystem[22m | 正在扫描文件结构……[39m[0m
[  16% ] [90m[1mfirst_scan_filesystem[22m | 正在加载全局类名……[39m[0m
[  33% ] [90m[1mfirst_scan_filesystem[22m | 正在校验 GDExtension……[39m[0m
[  50% ] [90m[1mfirst_scan_filesystem[22m | 正在创建自动加载脚本……[39m[0m
[  66% ] [90m[1mfirst_scan_filesystem[22m | 正在初始化插件……[39m[0m
[  83% ] [90m[1mfirst_scan_filesystem[22m | 正在启动文件扫描……[39m[0m
[92m[ DONE ][39m [1mfirst_scan_filesystem[22m
[0m
[   0% ] [90m[1mupdate_scripts_classes[22m | Started 正在注册全局类…… (2 steps)[39m[0m
[   0% ] [90m[1mupdate_scripts_classes[22m | [39m[0m
[  33% ] [90m[1mupdate_scripts_classes[22m | [39m[0m
[92m[ DONE ][39m [1mupdate_scripts_classes[22m
[0m
[   0% ] [90m[1m_update_scan_actions[22m | Started 正在扫描动作…… (10 steps)[39m[0m
[   0% ] [90m[1m_update_scan_actions[22m | frame_01.png[39m[0m
[   9% ] [90m[1m_update_scan_actions[22m | frame_02.png[39m[0m
[  18% ] [90m[1m_update_scan_actions[22m | frame_03.png[39m[0m
[  27% ] [90m[1m_update_scan_actions[22m | frame_04.png[39m[0m
[  36% ] [90m[1m_update_scan_actions[22m | frame_05.png[39m[0m
[  45% ] [90m[1m_update_scan_actions[22m | frame_06.png[39m[0m
[  54% ] [90m[1m_update_scan_actions[22m | frame_07.png[39m[0m
[  63% ] [90m[1m_update_scan_actions[22m | frame_08.png[39m[0m
[  72% ] [90m[1m_update_scan_actions[22m | red_infantry_run_cycle_sheet_v1.png[39m[0m
[  81% ] [90m[1m_update_scan_actions[22m | red_infantry_run_cycle_sheet_v1_bg_extract_attempt.png[39m[0m
[92m[ DONE ][39m [1m_update_scan_actions[22m
[0m
[   0% ] [90m[1mreimport[22m | Started 正在导入或重新导入资产 (10 steps)[39m[0m
[   0% ] [90m[1mreimport[22m | 正在准备重新导入文件……[39m[0m
[   9% ] [90m[1mreimport[22m | 正在准备重新导入文件……[39m[0m
[  18% ] [90m[1mreimport[22m | 正在准备重新导入文件……[39m[0m
[  27% ] [90m[1mreimport[22m | 正在准备重新导入文件……[39m[0m
[  36% ] [90m[1mreimport[22m | 正在准备重新导入文件……[39m[0m
[  45% ] [90m[1mreimport[22m | 正在准备重新导入文件……[39m[0m
[  54% ] [90m[1mreimport[22m | 正在准备重新导入文件……[39m[0m
[  63% ] [90m[1mreimport[22m | 正在准备重新导入文件……[39m[0m
[  72% ] [90m[1mreimport[22m | 正在准备重新导入文件……[39m[0m
[  81% ] [90m[1mreimport[22m | 正在准备重新导入文件……[39m[0m
[   0% ] [90m[1mreimport[22m | 正在执行重新导入的前置操作……[39m[0m
[   0% ] [90m[1mreimport[22m | frame_01.png[39m[0m
[   0% ] [90m[1mreimport[22m | frame_01.png[39m[0m
[   9% ] [90m[1mreimport[22m | frame_02.png[39m[0m
[  18% ] [90m[1mreimport[22m | frame_03.png[39m[0m
[  27% ] [90m[1mreimport[22m | frame_04.png[39m[0m
[  36% ] [90m[1mreimport[22m | frame_05.png[39m[0m
[  45% ] [90m[1mreimport[22m | frame_06.png[39m[0m
[  54% ] [90m[1mreimport[22m | frame_07.png[39m[0m
[  63% ] [90m[1mreimport[22m | frame_08.png[39m[0m
[  72% ] [90m[1mreimport[22m | red_infantry_run_cycle_sheet_v1.png[39m[0m
[  72% ] [90m[1mreimport[22m | red_infantry_run_cycle_sheet_v1.png[39m[0m
[  72% ] [90m[1mreimport[22m | red_infantry_run_cycle_sheet_v1.png[39m[0m
[  81% ] [90m[1mreimport[22m | red_infantry_run_cycle_sheet_v1_bg_extract_attempt.png[39m[0m
[  90% ] [90m[1mreimport[22m | 正在结束资产导入……[39m[0m
[92m[ DONE ][39m [1mreimport[22m
[0m
[   0% ] [90m[1mreimport[22m | Started 正在导入或重新导入资产 (10 steps)[39m[0m
[   0% ] [90m[1mreimport[22m | 正在执行重新导入的后置操作……[39m[0m
[92m[ DONE ][39m [1mreimport[22m
[0m
[   0% ] [90m[1msavepack[22m | Started 打包中 (102 steps)[39m[0m
[   1% ] [90m[1msavepack[22m | 正在保存文件：res://.godot/imported/battle_command_tent_background_v1.png-6f0f4b2c36593df2e043d3ce0e815520.ctex[39m[0m
[   1% ] [90m[1msavepack[22m | 正在保存文件：res://assets/art/backgrounds/battle_command_tent_background_v1.png.import[39m[0m
[   1% ] [90m[1msavepack[22m | 正在保存文件：res://.godot/imported/atmosphere.png-5c9e41b677a89e1d7794f16621bbbcf1.s3tc.ctex[39m[0m
[   1% ] [90m[1msavepack[22m | 正在保存文件：res://assets/art/boards/terracotta_battle_stage_test/atmosphere.png.import[39m[0m
[   1% ] [90m[1msavepack[22m | 正在保存文件：res://.godot/imported/ground.png-642ed58f4e387857a916cfae107f4d78.s3tc.ctex[39m[0m
[   1% ] [90m[1msavepack[22m | 正在保存文件：res://assets/art/boards/terracotta_battle_stage_test/ground.png.import[39m[0m
[   1% ] [90m[1msavepack[22m | 正在保存文件：res://.godot/imported/left_mountains.png-ef18edbbfa3c4964ea9d8403829990b5.s3tc.ctex[39m[0m
[   1% ] [90m[1msavepack[22m | 正在保存文件：res://assets/art/boards/terracotta_battle_stage_test/left_mountains.png.import[39m[0m
[   1% ] [90m[1msavepack[22m | 正在保存文件：res://.godot/imported/north_backdrop.png-79b3cc36831be9e9b7fb16ca540d39ea.s3tc.ctex[39m[0m
[   1% ] [90m[1msavepack[22m | 正在保存文件：res://assets/art/boards/terracotta_battle_stage_test/north_backdrop.png.import[39m[0m
[   1% ] [90m[1msavepack[22m | 正在保存文件：res://.godot/imported/right_mountains.png-50993249f93dffd0729c4ac61ae36639.s3tc.ctex[39m[0m
[   1% ] [90m[1msavepack[22m | 正在保存文件：res://assets/art/boards/terracotta_battle_stage_test/right_mountains.png.import[39m[0m
[   1% ] [90m[1msavepack[22m | 正在保存文件：res://.godot/imported/south_backdrop.png-0d7b49f40d565892e083ed789e80887c.s3tc.ctex[39m[0m
[   1% ] [90m[1msavepack[22m | 正在保存文件：res://assets/art/boards/terracotta_battle_stage_test/south_backdrop.png.import[39m[0m
[   2% ] [90m[1msavepack[22m | 正在保存文件：res://.godot/imported/terracotta_battlefield_board_bg_gridless_v1.png-c56f7fa96ee1633e0a45446925136291.ctex[39m[0m
[   2% ] [90m[1msavepack[22m | 正在保存文件：res://assets/art/boards/terracotta_warriors/terracotta_battlefield_board_bg_gridless_v1.png.import[39m[0m
[   2% ] [90m[1msavepack[22m | 正在保存文件：res://.godot/imported/terracotta_battlefield_board_bg_gridless_v2.png-cfdd126300457466e30afbb09f7935cb.ctex[39m[0m
[   2% ] [90m[1msavepack[22m | 正在保存文件：res://assets/art/boards/terracotta_warriors/terracotta_battlefield_board_bg_gridless_v2.png.import[39m[0m
[   2% ] [90m[1msavepack[22m | 正在保存文件：res://.godot/imported/terracotta_battlefield_board_bg_gridless_v3_decorated.png-5f499e74d425e47bc599631ce2dc5246.ctex[39m[0m
[   2% ] [90m[1msavepack[22m | 正在保存文件：res://assets/art/boards/terracotta_warriors/terracotta_battlefield_board_bg_gridless_v3_decorated.png.import[39m[0m
[   2% ] [90m[1msavepack[22m | 正在保存文件：res://.godot/imported/terracotta_battlefield_board_bg_gridless_v4_grassland.png-1dd2c7e8b4e56920c1c0a31eca312651.ctex[39m[0m
[   2% ] [90m[1msavepack[22m | 正在保存文件：res://assets/art/boards/terracotta_warriors/terracotta_battlefield_board_bg_gridless_v4_grassland.png.import[39m[0m
[   2% ] [90m[1msavepack[22m | 正在保存文件：res://.godot/imported/terracotta_battlefield_board_bg_gridless_v6_sharp.png-0ccdb43317ba93756187e5ab07caed4e.ctex[39m[0m
[   2% ] [90m[1msavepack[22m | 正在保存文件：res://assets/art/boards/terracotta_warriors/terracotta_battlefield_board_bg_gridless_v6_sharp.png.import[39m[0m
[   2% ] [90m[1msavepack[22m | 正在保存文件：res://.godot/imported/terracotta_battlefield_board_bg_gridless_v7_low_noise.png-2ef54f93af808713159ef28450d241c3.ctex[39m[0m
[   2% ] [90m[1msavepack[22m | 正在保存文件：res://assets/art/boards/terracotta_warriors/terracotta_battlefield_board_bg_gridless_v7_low_noise.png.import[39m[0m
[   2% ] [90m[1msavepack[22m | 正在保存文件：res://.godot/imported/terracotta_grassland_board_bg_gridless_v5_pond_stream.png-e404057d0ea768346674833883874ee7.ctex[39m[0m
[   2% ] [90m[1msavepack[22m | 正在保存文件：res://assets/art/boards/terracotta_warriors/terracotta_grassland_board_bg_gridless_v5_pond_stream.png.import[39m[0m
[   3% ] [90m[1msavepack[22m | 正在保存文件：res://.godot/imported/black_flag_round_chroma_v1.png-e8f6241b5fdeb12625b8415e4330d925.ctex[39m[0m
[   3% ] [90m[1msavepack[22m | 正在保存文件：res://assets/art/flags/terracotta_warriors/round_v1/black_flag_round_chroma_v1.png.import[39m[0m
[   3% ] [90m[1msavepack[22m | 正在保存文件：res://.godot/imported/black_flag_round_v1.png-fa7e6cae468e271f653eed7dba3edfa1.ctex[39m[0m
[   3% ] [90m[1msavepack[22m | 正在保存文件：res://assets/art/flags/terracotta_warriors/round_v1/black_flag_round_v1.png.import[39m[0m
[   3% ] [90m[1msavepack[22m | 正在保存文件：res://.godot/imported/neutral_flag_round_chroma_v1.png-6c276e6df7e47a3de4824793605695f5.ctex[39m[0m
[   3% ] [90m[1msavepack[22m | 正在保存文件：res://assets/art/flags/terracotta_warriors/round_v1/neutral_flag_round_chroma_v1.png.import[39m[0m
[   3% ] [90m[1msavepack[22m | 正在保存文件：res://.godot/imported/neutral_flag_round_v1.png-6f350182bb4aa41b7f622aadf69728ec.ctex[39m[0m
[   3% ] [90m[1msavepack[22m | 正在保存文件：res://assets/art/flags/terracotta_warriors/round_v1/neutral_flag_round_v1.png.import[39m[0m
[   3% ] [90m[1msavepack[22m | 正在保存文件：res://.godot/imported/red_flag_round_chroma_v1.png-15ce5472656e7475f6437e37f5485a0b.ctex[39m[0m
[   3% ] [90m[1msavepack[22m | 正在保存文件：res://assets/art/flags/terracotta_warriors/round_v1/red_flag_round_chroma_v1.png.import[39m[0m
[   3% ] [90m[1msavepack[22m | 正在保存文件：res://.godot/imported/red_flag_round_v1.png-48409117175f2f29c743c7752152f3e0.ctex[39m[0m
[   3% ] [90m[1msavepack[22m | 正在保存文件：res://assets/art/flags/terracotta_warriors/round_v1/red_flag_round_v1.png.import[39m[0m
[   3% ] [90m[1msavepack[22m | 正在保存文件：res://.godot/imported/black_flag_captured.png-1356729aacf2cc405d8ee96bce69355d.s3tc.ctex[39m[0m
[   3% ] [90m[1msavepack[22m | 正在保存文件：res://assets/art/flags/terracotta_warriors/black_flag_captured.png.import[39m[0m
[   4% ] [90m[1msavepack[22m | 正在保存文件：res://.godot/imported/neutral_flag.png-e8435c1fb313bbcd20b77f1745f62878.s3tc.ctex[39m[0m
[   4% ] [90m[1msavepack[22m | 正在保存文件：res://assets/art/flags/terracotta_warriors/neutral_flag.png.import[39m[0m
[   4% ] [90m[1msavepack[22m | 正在保存文件：res://.godot/imported/red_flag_captured.png-b25da4e8d251074679ebc316c287ed80.s3tc.ctex[39m[0m
[   4% ] [90m[1msavepack[22m | 正在保存文件：res://assets/art/flags/terracotta_warriors/red_flag_captured.png.import[39m[0m
[   4% ] [90m[1msavepack[22m | 正在保存文件：res://.godot/imported/black_cavalry_token_v1.png-d4a2460428464d101a12d1cd3bc359fe.ctex[39m[0m
[   4% ] [90m[1msavepack[22m | 正在保存文件：res://assets/art/pieces/round_tokens_v1/black_cavalry_token_v1.png.import[39m[0m
[   4% ] [90m[1msavepack[22m | 正在保存文件：res://.godot/imported/black_chariot_token_v1.png-bc8ba0c3bbdd3ad3630cf3a9617544e9.ctex[39m[0m
[   4% ] [90m[1msavepack[22m | 正在保存文件：res://assets/art/pieces/round_tokens_v1/black_chariot_token_v1.png.import[39m[0m
[   4% ] [90m[1msavepack[22m | 正在保存文件：res://.godot/imported/black_general_token_v1.png-b46e2c1a8f66502f7c4acbc760b0eaae.ctex[39m[0m
[   4% ] [90m[1msavepack[22m | 正在保存文件：res://assets/art/pieces/round_tokens_v1/black_general_token_v1.png.import[39m[0m
[   4% ] [90m[1msavepack[22m | 正在保存文件：res://.godot/imported/black_guard_token_v1.png-72c525ca9f29d25d529b7fa8b84a7fcd.ctex[39m[0m
[   4% ] [90m[1msavepack[22m | 正在保存文件：res://assets/art/pieces/round_tokens_v1/black_guard_token_v1.png.import[39m[0m
[   4% ] [90m[1msavepack[22m | 正在保存文件：res://.godot/imported/black_infantry_token_v1.png-e628debe740bc1e7958a6b4f48d6f40e.ctex[39m[0m
[   4% ] [90m[1msavepack[22m | 正在保存文件：res://assets/art/pieces/round_tokens_v1/black_infantry_token_v1.png.import[39m[0m
[   5% ] [90m[1msavepack[22m | 正在保存文件：res://.godot/imported/black_minister_token_v1.png-37483edfbddab3510574a413faf50fbf.ctex[39m[0m
[   5% ] [90m[1msavepack[22m | 正在保存文件：res://assets/art/pieces/round_tokens_v1/black_minister_token_v1.png.import[39m[0m
[   5% ] [90m[1msavepack[22m | 正在保存文件：res://.godot/imported/black_trebuchet_token_v1.png-2b0559f07d2cad794081d5cf9afb4efd.ctex[39m[0m
[   5% ] [90m[1msavepack[22m | 正在保存文件：res://assets/art/pieces/round_tokens_v1/black_trebuchet_token_v1.png.import[39m[0m
[   5% ] [90m[1msavepack[22m | 正在保存文件：res://.godot/imported/red_cavalry_token_v1.png-8954d81d7502cbe10c324eef02391291.ctex[39m[0m
[   5% ] [90m[1msavepack[22m | 正在保存文件：res://assets/art/pieces/round_tokens_v1/red_cavalry_token_v1.png.import[39m[0m
[   5% ] [90m[1msavepack[22m | 正在保存文件：res://.godot/imported/red_chariot_token_v1.png-953375fc4b1b748a47c12466e5e6634e.ctex[39m[0m
[   5% ] [90m[1msavepack[22m | 正在保存文件：res://assets/art/pieces/round_tokens_v1/red_chariot_token_v1.png.import[39m[0m
[   5% ] [90m[1msavepack[22m | 正在保存文件：res://.godot/imported/red_general_token_v1.png-5010e5271e0b6914b635322c130eaf52.ctex[39m[0m
[   5% ] [90m[1msavepack[22m | 正在保存文件：res://assets/art/pieces/round_tokens_v1/red_general_token_v1.png.import[39m[0m
[   5% ] [90m[1msavepack[22m | 正在保存文件：res://.godot/imported/red_guard_token_v1.png-eb6c313c7105d5367c5a4066a9300a6f.ctex[39m[0m
[   5% ] [90m[1msavepack[22m | 正在保存文件：res://assets/art/pieces/round_tokens_v1/red_guard_token_v1.png.import[39m[0m
[   5% ] [90m[1msavepack[22m | 正在保存文件：res://.godot/imported/red_infantry_token_v1.png-6e66607e4c8fcc4bfa750c14ab219884.ctex[39m[0m
[   5% ] [90m[1msavepack[22m | 正在保存文件：res://assets/art/pieces/round_tokens_v1/red_infantry_token_v1.png.import[39m[0m
[   6% ] [90m[1msavepack[22m | 正在保存文件：res://.godot/imported/red_minister_token_v1.png-d454989f89e8242318d8170ff3cec715.ctex[39m[0m
[   6% ] [90m[1msavepack[22m | 正在保存文件：res://assets/art/pieces/round_tokens_v1/red_minister_token_v1.png.import[39m[0m
[   6% ] [90m[1msavepack[22m | 正在保存文件：res://.godot/imported/red_trebuchet_token_v1.png-35c4aad2ce1a703e1c7ba8c9513070aa.ctex[39m[0m
[   6% ] [90m[1msavepack[22m | 正在保存文件：res://assets/art/pieces/round_tokens_v1/red_trebuchet_token_v1.png.import[39m[0m
[   6% ] [90m[1msavepack[22m | 正在保存文件：res://.godot/imported/black_cavalry_idle.png-e9bfcd4a567e1eeeffc65da09a1251c7.ctex[39m[0m
[   6% ] [90m[1msavepack[22m | 正在保存文件：res://assets/art/pieces/terracotta_warriors/black_cavalry_idle.png.import[39m[0m
[   6% ] [90m[1msavepack[22m | 正在保存文件：res://.godot/imported/black_chariot_idle.png-943689bd3f70705c7dcf2e47f4e2a2d0.ctex[39m[0m
[   6% ] [90m[1msavepack[22m | 正在保存文件：res://assets/art/pieces/terracotta_warriors/black_chariot_idle.png.import[39m[0m
[   6% ] [90m[1msavepack[22m | 正在保存文件：res://.godot/imported/black_general_idle.png-2fa142374d1b95967e9c0e0aa1da8fb7.ctex[39m[0m
[   6% ] [90m[1msavepack[22m | 正在保存文件：res://assets/art/pieces/terracotta_warriors/black_general_idle.png.import[39m[0m
[   6% ] [90m[1msavepack[22m | 正在保存文件：res://.godot/imported/black_guard_idle.png-d49244421a501e2796950b6619c1c0e2.ctex[39m[0m
[   6% ] [90m[1msavepack[22m | 正在保存文件：res://assets/art/pieces/terracotta_warriors/black_guard_idle.png.import[39m[0m
[   6% ] [90m[1msavepack[22m | 正在保存文件：res://.godot/imported/black_infantry_idle.png-50c0bad7c57db5edb16f13f648d73ef8.ctex[39m[0m
[   6% ] [90m[1msavepack[22m | 正在保存文件：res://assets/art/pieces/terracotta_warriors/black_infantry_idle.png.import[39m[0m
[   7% ] [90m[1msavepack[22m | 正在保存文件：res://.godot/imported/black_minister_idle.png-5761144fdc9a2ce4eb28d5555f1ca3b5.ctex[39m[0m
[   7% ] [90m[1msavepack[22m | 正在保存文件：res://assets/art/pieces/terracotta_warriors/black_minister_idle.png.import[39m[0m
[   7% ] [90m[1msavepack[22m | 正在保存文件：res://.godot/imported/black_trebuchet_idle.png-a33f23fdf337202fe5e7f67358b4f005.ctex[39m[0m
[   7% ] [90m[1msavepack[22m | 正在保存文件：res://assets/art/pieces/terracotta_warriors/black_trebuchet_idle.png.import[39m[0m
[   7% ] [90m[1msavepack[22m | 正在保存文件：res://.godot/imported/red_cavalry_idle.png-e58c3e6afe7596e8386afa8de92bb40b.ctex[39m[0m
[   7% ] [90m[1msavepack[22m | 正在保存文件：res://assets/art/pieces/terracotta_warriors/red_cavalry_idle.png.import[39m[0m
[   7% ] [90m[1msavepack[22m | 正在保存文件：res://.godot/imported/red_chariot_idle.png-d79c3232282d042a87da8799dce5514a.ctex[39m[0m
[   7% ] [90m[1msavepack[22m | 正在保存文件：res://assets/art/pieces/terracotta_warriors/red_chariot_idle.png.import[39m[0m
[   7% ] [90m[1msavepack[22m | 正在保存文件：res://.godot/imported/red_general_idle.png-c5d1cba2b737c41cec131c01c423aac7.ctex[39m[0m
[   7% ] [90m[1msavepack[22m | 正在保存文件：res://assets/art/pieces/terracotta_warriors/red_general_idle.png.import[39m[0m
[   7% ] [90m[1msavepack[22m | 正在保存文件：res://.godot/imported/red_guard_idle.png-b14cc1807914a12e9421db1dc15c8d94.ctex[39m[0m
[   7% ] [90m[1msavepack[22m | 正在保存文件：res://assets/art/pieces/terracotta_warriors/red_guard_idle.png.import[39m[0m
[   7% ] [90m[1msavepack[22m | 正在保存文件：res://.godot/imported/red_infantry_idle.png-664e8379b3169de1d55cde674192e356.ctex[39m[0m
[   7% ] [90m[1msavepack[22m | 正在保存文件：res://assets/art/pieces/terracotta_warriors/red_infantry_idle.png.import[39m[0m
[   8% ] [90m[1msavepack[22m | 正在保存文件：res://.godot/imported/red_minister_idle.png-13af49502e01d901279692eb12b46e2b.ctex[39m[0m
[   8% ] [90m[1msavepack[22m | 正在保存文件：res://assets/art/pieces/terracotta_warriors/red_minister_idle.png.import[39m[0m
[   8% ] [90m[1msavepack[22m | 正在保存文件：res://.godot/imported/red_trebuchet_idle.png-564818f1d4ed9ec3fd377798c3ff8d7f.ctex[39m[0m
[   8% ] [90m[1msavepack[22m | 正在保存文件：res://assets/art/pieces/terracotta_warriors/red_trebuchet_idle.png.import[39m[0m
[   8% ] [90m[1msavepack[22m | 正在保存文件：res://.godot/imported/city_wall_chroma_v1.png-1d30e9af196c167731a73d3c56db1021.ctex[39m[0m
[   8% ] [90m[1msavepack[22m | 正在保存文件：res://assets/art/structures/terracotta_warriors/walls/generated_v1/city_wall_chroma_v1.png.import[39m[0m
[   8% ] [90m[1msavepack[22m | 正在保存文件：res://.godot/imported/city_wall_v1.png-c27376fd13a4f57a4c31c0494a3067ec.ctex[39m[0m
[   8% ] [90m[1msavepack[22m | 正在保存文件：res://assets/art/structures/terracotta_warriors/walls/generated_v1/city_wall_v1.png.import[39m[0m
[   8% ] [90m[1msavepack[22m | 正在保存文件：res://.godot/imported/red_wall_breached.svg-bb04c7de16b4d30968d43c5ddc6d949a.s3tc.ctex[39m[0m
[   8% ] [90m[1msavepack[22m | 正在保存文件：res://assets/art/structures/terracotta_warriors/walls/red_wall_breached.svg.import[39m[0m
[   8% ] [90m[1msavepack[22m | 正在保存文件：res://.godot/imported/red_wall_intact.svg-3fd5306a2a985da86ac2d490d55685c0.s3tc.ctex[39m[0m
[   8% ] [90m[1msavepack[22m | 正在保存文件：res://assets/art/structures/terracotta_warriors/walls/red_wall_intact.svg.import[39m[0m
[   8% ] [90m[1msavepack[22m | 正在保存文件：res://.godot/imported/red_wall_repairing.svg-06581805a33c27215d2e8136864f71a1.s3tc.ctex[39m[0m
[   8% ] [90m[1msavepack[22m | 正在保存文件：res://assets/art/structures/terracotta_warriors/walls/red_wall_repairing.svg.import[39m[0m
[   9% ] [90m[1msavepack[22m | 正在保存文件：res://.godot/imported/page_00_board_turns.png-15749420d0b875e522c1183166323735.ctex[39m[0m
[   9% ] [90m[1msavepack[22m | 正在保存文件：res://assets/art/tutorial/comic_v1/page_00_board_turns.png.import[39m[0m
[   9% ] [90m[1msavepack[22m | 正在保存文件：res://.godot/imported/page_01_pawn.png-f43e044710461bb9549b6d5bc8cf003e.ctex[39m[0m
[   9% ] [90m[1msavepack[22m | 正在保存文件：res://assets/art/tutorial/comic_v1/page_01_pawn.png.import[39m[0m
[   9% ] [90m[1msavepack[22m | 正在保存文件：res://.godot/imported/page_02_horse_elephant.png-78f896df1f41dad536c60b44b68a1c67.ctex[39m[0m
[   9% ] [90m[1msavepack[22m | 正在保存文件：res://assets/art/tutorial/comic_v1/page_02_horse_elephant.png.import[39m[0m
[   9% ] [90m[1msavepack[22m | 正在保存文件：res://.godot/imported/page_03_rook_cannon.png-663388a8662e5478d47330e0cf089d0c.ctex[39m[0m
[   9% ] [90m[1msavepack[22m | 正在保存文件：res://assets/art/tutorial/comic_v1/page_03_rook_cannon.png.import[39m[0m
[   9% ] [90m[1msavepack[22m | 正在保存文件：res://.godot/imported/page_04_palace_general.png-6fe8a1385ef8df80d2b73030d50c5f37.ctex[39m[0m
[   9% ] [90m[1msavepack[22m | 正在保存文件：res://assets/art/tutorial/comic_v1/page_04_palace_general.png.import[39m[0m
[   9% ] [90m[1msavepack[22m | 正在保存文件：res://.godot/imported/page_05_fog_flag_memory.png-05deccdd695654388267fd88c8b86997.ctex[39m[0m
[   9% ] [90m[1msavepack[22m | 正在保存文件：res://assets/art/tutorial/comic_v1/page_05_fog_flag_memory.png.import[39m[0m
[   9% ] [90m[1msavepack[22m | 正在保存文件：res://.godot/imported/page_06_special_eligibility.png-4538da3a0b0d526c2e01b31bef64e30c.ctex[39m[0m
[   9% ] [90m[1msavepack[22m | 正在保存文件：res://assets/art/tutorial/comic_v1/page_06_special_eligibility.png.import[39m[0m
[  10% ] [90m[1msavepack[22m | 正在保存文件：res://.godot/imported/page_07_hidden_horse_elephant_field.png-c6b6500c5d2d3a032d3794e8583f59d3.ctex[39m[0m
[  10% ] [90m[1msavepack[22m | 正在保存文件：res://assets/art/tutorial/comic_v1/page_07_hidden_horse_elephant_field.png.import[39m[0m
[  10% ] [90m[1msavepack[22m | 正在保存文件：res://.godot/imported/page_08_special_rook_pawn.png-56bf3a2da12ae2b7d2e447ff49d17274.ctex[39m[0m
[  10% ] [90m[1msavepack[22m | 正在保存文件：res://assets/art/tutorial/comic_v1/page_08_special_rook_pawn.png.import[39m[0m
[  10% ] [90m[1msavepack[22m | 正在保存文件：res://.godot/imported/page_09_bombardment.png-d6bcc375582d5b95ddb4355b48d69aa0.ctex[39m[0m
[  10% ] [90m[1msavepack[22m | 正在保存文件：res://assets/art/tutorial/comic_v1/page_09_bombardment.png.import[39m[0m
[  10% ] [90m[1msavepack[22m | 正在保存文件：res://.godot/imported/page_10_advisor_sacrifice.png-68ba370c5c2f83b62e39b0bfb13f3f75.ctex[39m[0m
[  10% ] [90m[1msavepack[22m | 正在保存文件：res://assets/art/tutorial/comic_v1/page_10_advisor_sacrifice.png.import[39m[0m
[  10% ] [90m[1msavepack[22m | 正在保存文件：res://.godot/imported/page_11_wall_breach_entry.png-1fb712a83e7ea57f05e1e956023ecd13.ctex[39m[0m
[  10% ] [90m[1msavepack[22m | 正在保存文件：res://assets/art/tutorial/comic_v1/page_11_wall_breach_entry.png.import[39m[0m
[  10% ] [90m[1msavepack[22m | 正在保存文件：res://.godot/imported/page_12_wall_repair.png-bd38bff3278ee64857c80c7f7523de86.ctex[39m[0m
[  10% ] [90m[1msavepack[22m | 正在保存文件：res://assets/art/tutorial/comic_v1/page_12_wall_repair.png.import[39m[0m
[  10% ] [90m[1msavepack[22m | 正在保存文件：res://.godot/imported/page_13_flag_capture.png-eb39c62d146d4672d622d7a945075c0e.ctex[39m[0m
[  10% ] [90m[1msavepack[22m | 正在保存文件：res://assets/art/tutorial/comic_v1/page_13_flag_capture.png.import[39m[0m
[  11% ] [90m[1msavepack[22m | 正在保存文件：res://.godot/imported/page_14_flag_contest.png-64215e7f62b28e76d9e12265d81035cf.ctex[39m[0m
[  11% ] [90m[1msavepack[22m | 正在保存文件：res://assets/art/tutorial/comic_v1/page_14_flag_contest.png.import[39m[0m
[  11% ] [90m[1msavepack[22m | 正在保存文件：res://.godot/imported/page_15_victory.png-03d92c209bcdd9f81e26f936774cdd1d.ctex[39m[0m
[  11% ] [90m[1msavepack[22m | 正在保存文件：res://assets/art/tutorial/comic_v1/page_15_victory.png.import[39m[0m
[  11% ] [90m[1msavepack[22m | 正在保存文件：res://.godot/imported/page_16_casualty_reserve.png-130b9cad6b87120a0886505a93827f8b.ctex[39m[0m
[  11% ] [90m[1msavepack[22m | 正在保存文件：res://assets/art/tutorial/comic_v1/page_16_casualty_reserve.png.import[39m[0m
[  11% ] [90m[1msavepack[22m | 正在保存文件：res://.godot/imported/page_17_action_preview.png-c4c42a15d51606002c83f746ebcc49a4.ctex[39m[0m
[  11% ] [90m[1msavepack[22m | 正在保存文件：res://assets/art/tutorial/comic_v1/page_17_action_preview.png.import[39m[0m
[  11% ] [90m[1msavepack[22m | 正在保存文件：res://.godot/imported/battle_hud_concept_v1.png-afa33de3b57a6abd06519ecea80ecaa6.ctex[39m[0m
[  11% ] [90m[1msavepack[22m | 正在保存文件：res://assets/art/ui/concepts/battle_hud_concept_v1.png.import[39m[0m
[  11% ] [90m[1msavepack[22m | 正在保存文件：res://.godot/imported/lan_lobby_reference_v2_board_metal.png-fb034d01d80cd3416bc1e46219f78f7d.ctex[39m[0m
[  11% ] [90m[1msavepack[22m | 正在保存文件：res://assets/art/ui/concepts/lan_lobby_reference_v2_board_metal.png.import[39m[0m
[  11% ] [90m[1msavepack[22m | 正在保存文件：res://.godot/imported/level_challenge_hud_ux_reference_v1.png-ff5a269ddc7a052983fada864f75c5c3.ctex[39m[0m
[  11% ] [90m[1msavepack[22m | 正在保存文件：res://assets/art/ui/concepts/level_challenge_hud_ux_reference_v1.png.import[39m[0m
[  12% ] [90m[1msavepack[22m | 正在保存文件：res://.godot/imported/level_challenge_hud_ux_reference_v2.png-3e63f26ca40985ac54551a103f6010b8.ctex[39m[0m
[  12% ] [90m[1msavepack[22m | 正在保存文件：res://assets/art/ui/concepts/level_challenge_hud_ux_reference_v2.png.import[39m[0m
[  12% ] [90m[1msavepack[22m | 正在保存文件：res://.godot/imported/level_gameplay_hud_concept_v1_t03_field_lattice.png-41c6cf898a06005f682a5abe21ce7d8a.ctex[39m[0m
[  12% ] [90m[1msavepack[22m | 正在保存文件：res://assets/art/ui/concepts/level_gameplay_hud_concept_v1_t03_field_lattice.png.import[39m[0m
[  12% ] [90m[1msavepack[22m | 正在保存文件：res://.godot/imported/level_select_concept_v1_campaign_map.png-63a2445eb80acecebf8224e2b9d358c4.ctex[39m[0m
[  12% ] [90m[1msavepack[22m | 正在保存文件：res://assets/art/ui/concepts/level_select_concept_v1_campaign_map.png.import[39m[0m
[  12% ] [90m[1msavepack[22m | 正在保存文件：res://.godot/imported/level_select_ux_reference_v3.png-0ed8a5984bda75d266efdace542106f5.ctex[39m[0m
[  12% ] [90m[1msavepack[22m | 正在保存文件：res://assets/art/ui/concepts/level_select_ux_reference_v3.png.import[39m[0m
[  12% ] [90m[1msavepack[22m | 正在保存文件：res://.godot/imported/loading_transition_reference_v1.png-945d62d3091dd992ff1559ecf637e296.ctex[39m[0m
[  12% ] [90m[1msavepack[22m | 正在保存文件：res://assets/art/ui/concepts/loading_transition_reference_v1.png.import[39m[0m
[  12% ] [90m[1msavepack[22m | 正在保存文件：res://.godot/imported/main_menu_background_v5_great_wall_gate.png-fbf9966d3ff66e87ac9e3f52b833e6ee.ctex[39m[0m
[  12% ] [90m[1msavepack[22m | 正在保存文件：res://assets/art/ui/concepts/main_menu_background_v5_great_wall_gate.png.import[39m[0m
[  12% ] [90m[1msavepack[22m | 正在保存文件：res://.godot/imported/main_menu_background_v7_denoised.png-5691932179b0ad93d8340879433020ac.ctex[39m[0m
[  12% ] [90m[1msavepack[22m | 正在保存文件：res://assets/art/ui/concepts/main_menu_background_v7_denoised.png.import[39m[0m
[  13% ] [90m[1msavepack[22m | 正在保存文件：res://.godot/imported/main_menu_concept_v2_ink_xiangqi.png-46a724c563e42f5e19c591d13acc7c6d.ctex[39m[0m
[  13% ] [90m[1msavepack[22m | 正在保存文件：res://assets/art/ui/concepts/main_menu_concept_v2_ink_xiangqi.png.import[39m[0m
[  13% ] [90m[1msavepack[22m | 正在保存文件：res://.godot/imported/main_menu_concept_v3_bronze_gate.png-2c6535af101876d361f51b4cd4f51919.ctex[39m[0m
[  13% ] [90m[1msavepack[22m | 正在保存文件：res://assets/art/ui/concepts/main_menu_concept_v3_bronze_gate.png.import[39m[0m
[  13% ] [90m[1msavepack[22m | 正在保存文件：res://.godot/imported/main_menu_concept_v4_colossal_gate_project_soldiers.png-9878120e943a671daf799d3cd2fca511.ctex[39m[0m
[  13% ] [90m[1msavepack[22m | 正在保存文件：res://assets/art/ui/concepts/main_menu_concept_v4_colossal_gate_project_soldiers.png.import[39m[0m
[  13% ] [90m[1msavepack[22m | 正在保存文件：res://.godot/imported/main_menu_start_screen_v6_click_anywhere.png-ee8d29571caa4db013da24e83af83791.ctex[39m[0m
[  13% ] [90m[1msavepack[22m | 正在保存文件：res://assets/art/ui/concepts/main_menu_start_screen_v6_click_anywhere.png.import[39m[0m
[  13% ] [90m[1msavepack[22m | 正在保存文件：res://.godot/imported/multiplayer_match_hud_region_map_v1.png-63935f6cb2e274879c3751cd4bcc7690.ctex[39m[0m
[  13% ] [90m[1msavepack[22m | 正在保存文件：res://assets/art/ui/concepts/multiplayer_match_hud_region_map_v1.png.import[39m[0m
[  13% ] [90m[1msavepack[22m | 正在保存文件：res://.godot/imported/multiplayer_match_hud_ux_reference_v1.png-99db374723d9376cfbb0feeab9bb2bbc.ctex[39m[0m
[  13% ] [90m[1msavepack[22m | 正在保存文件：res://assets/art/ui/concepts/multiplayer_match_hud_ux_reference_v1.png.import[39m[0m
[  13% ] [90m[1msavepack[22m | 正在保存文件：res://.godot/imported/multiplayer_match_hud_ux_reference_v2_no_incense.png-2e0d272ca0f047b263d9f7bce4a56270.ctex[39m[0m
[  13% ] [90m[1msavepack[22m | 正在保存文件：res://assets/art/ui/concepts/multiplayer_match_hud_ux_reference_v2_no_incense.png.import[39m[0m
[  14% ] [90m[1msavepack[22m | 正在保存文件：res://.godot/imported/settings_screen_reference_v1.png-289beb804d280d0650ca9d24508591ed.ctex[39m[0m
[  14% ] [90m[1msavepack[22m | 正在保存文件：res://assets/art/ui/concepts/settings_screen_reference_v1.png.import[39m[0m
[  14% ] [90m[1msavepack[22m | 正在保存文件：res://.godot/imported/tutorial_hud_concept_v2_reuse_battle_action_panel_t0.png-b86659c04977521ce2a61233d00cc74d.ctex[39m[0m
[  14% ] [90m[1msavepack[22m | 正在保存文件：res://assets/art/ui/concepts/tutorial_hud_concept_v2_reuse_battle_action_panel_t0.png.import[39m[0m
[  14% ] [90m[1msavepack[22m | 正在保存文件：res://.godot/imported/tutorial_hud_concept_v3_right_enlarged_battle_action_panel_t0.png-347aad6002bfb1286429ab5557acd301.ctex[39m[0m
[  14% ] [90m[1msavepack[22m | 正在保存文件：res://assets/art/ui/concepts/tutorial_hud_concept_v3_right_enlarged_battle_action_panel_t0.png.import[39m[0m
[  14% ] [90m[1msavepack[22m | 正在保存文件：res://.godot/imported/tutorial_hud_concept_v4_multiplayer_style_reuse_objective_panel_t0.png-886225176f5e930cb04ec3920119c906.ctex[39m[0m
[  14% ] [90m[1msavepack[22m | 正在保存文件：res://assets/art/ui/concepts/tutorial_hud_concept_v4_multiplayer_style_reuse_objective_panel_t0.png.import[39m[0m
[  14% ] [90m[1msavepack[22m | 正在保存文件：res://.godot/imported/action_group.png-edde73233eae7f4e369dd06406dc9290.ctex[39m[0m
[  14% ] [90m[1msavepack[22m | 正在保存文件：res://assets/art/ui/lan_lobby/slices_v3/action_group.png.import[39m[0m
[  14% ] [90m[1msavepack[22m | 正在保存文件：res://.godot/imported/black_status_backing.png-d90137fae78aa78e1a2d1ac6b4312c23.ctex[39m[0m
[  14% ] [90m[1msavepack[22m | 正在保存文件：res://assets/art/ui/lan_lobby/slices_v3/black_status_backing.png.import[39m[0m
[  14% ] [90m[1msavepack[22m | 正在保存文件：res://.godot/imported/connection_bars.png-643c5621ebe8f081394db559a803c776.ctex[39m[0m
[  14% ] [90m[1msavepack[22m | 正在保存文件：res://assets/art/ui/lan_lobby/slices_v3/connection_bars.png.import[39m[0m
[  15% ] [90m[1msavepack[22m | 正在保存文件：res://.godot/imported/copy_address_button.png-ecdfb903e2fbb13b4e060a8fef2e9a84.ctex[39m[0m
[  15% ] [90m[1msavepack[22m | 正在保存文件：res://assets/art/ui/lan_lobby/slices_v3/copy_address_button.png.import[39m[0m
[  15% ] [90m[1msavepack[22m | 正在保存文件：res://.godot/imported/copy_address_button_disabled.png-8f5fc8205c0fd0e8a564681259a4f98e.ctex[39m[0m
[  15% ] [90m[1msavepack[22m | 正在保存文件：res://assets/art/ui/lan_lobby/slices_v3/copy_address_button_disabled.png.import[39m[0m
[  15% ] [90m[1msavepack[22m | 正在保存文件：res://.godot/imported/copy_address_button_hover.png-c593fd743a968ffbee65b62acac76320.ctex[39m[0m
[  15% ] [90m[1msavepack[22m | 正在保存文件：res://assets/art/ui/lan_lobby/slices_v3/copy_address_button_hover.png.import[39m[0m
[  15% ] [90m[1msavepack[22m | 正在保存文件：res://.godot/imported/copy_address_button_pressed.png-86a3ff108969b1e4749b5bf2c9c330d9.ctex[39m[0m
[  15% ] [90m[1msavepack[22m | 正在保存文件：res://assets/art/ui/lan_lobby/slices_v3/copy_address_button_pressed.png.import[39m[0m
[  15% ] [90m[1msavepack[22m | 正在保存文件：res://.godot/imported/disconnect_button.png-2b1f2777477dc42736cb81544213514a.ctex[39m[0m
[  15% ] [90m[1msavepack[22m | 正在保存文件：res://assets/art/ui/lan_lobby/slices_v3/disconnect_button.png.import[39m[0m
[  15% ] [90m[1msavepack[22m | 正在保存文件：res://.godot/imported/disconnect_button_disabled.png-15c089ecfff79401c860d17978f600ab.ctex[39m[0m
[  15% ] [90m[1msavepack[22m | 正在保存文件：res://assets/art/ui/lan_lobby/slices_v3/disconnect_button_disabled.png.import[39m[0m
[  15% ] [90m[1msavepack[22m | 正在保存文件：res://.godot/imported/disconnect_button_hover.png-04815e4ee404a810c6cd7060804f7a91.ctex[39m[0m
[  15% ] [90m[1msavepack[22m | 正在保存文件：res://assets/art/ui/lan_lobby/slices_v3/disconnect_button_hover.png.import[39m[0m
[  16% ] [90m[1msavepack[22m | 正在保存文件：res://.godot/imported/disconnect_button_pressed.png-e7d21c9902deeaaff08d19ef8bbe528e.ctex[39m[0m
[  16% ] [90m[1msavepack[22m | 正在保存文件：res://assets/art/ui/lan_lobby/slices_v3/disconnect_button_pressed.png.import[39m[0m
[  16% ] [90m[1msavepack[22m | 正在保存文件：res://.godot/imported/header_frame.png-2f1decefb3c087462c3e15c6b482fc62.ctex[39m[0m
[  16% ] [90m[1msavepack[22m | 正在保存文件：res://assets/art/ui/lan_lobby/slices_v3/header_frame.png.import[39m[0m
[  16% ] [90m[1msavepack[22m | 正在保存文件：res://.godot/imported/header_status_backing.png-aaac0297a2292b75f8613e6b72329aae.ctex[39m[0m
[  16% ] [90m[1msavepack[22m | 正在保存文件：res://assets/art/ui/lan_lobby/slices_v3/header_status_backing.png.import[39m[0m
[  16% ] [90m[1msavepack[22m | 正在保存文件：res://.godot/imported/host_button.png-b3d9672091749b09b312c6a7bc473e80.ctex[39m[0m
[  16% ] [90m[1msavepack[22m | 正在保存文件：res://assets/art/ui/lan_lobby/slices_v3/host_button.png.import[39m[0m
[  16% ] [90m[1msavepack[22m | 正在保存文件：res://.godot/imported/host_button_disabled.png-5214ca44e3d2c8ae9e338a0211490aef.ctex[39m[0m
[  16% ] [90m[1msavepack[22m | 正在保存文件：res://assets/art/ui/lan_lobby/slices_v3/host_button_disabled.png.import[39m[0m
[  16% ] [90m[1msavepack[22m | 正在保存文件：res://.godot/imported/host_button_hover.png-1189013b31481871364535a00501e3f7.ctex[39m[0m
[  16% ] [90m[1msavepack[22m | 正在保存文件：res://assets/art/ui/lan_lobby/slices_v3/host_button_hover.png.import[39m[0m
[  16% ] [90m[1msavepack[22m | 正在保存文件：res://.godot/imported/host_button_pressed.png-bac95f5b55893447a8a79bc91be2588e.ctex[39m[0m
[  16% ] [90m[1msavepack[22m | 正在保存文件：res://assets/art/ui/lan_lobby/slices_v3/host_button_pressed.png.import[39m[0m
[  17% ] [90m[1msavepack[22m | 正在保存文件：res://.godot/imported/join_button.png-f546ded47757d14e7d61aa1779d9547b.ctex[39m[0m
[  17% ] [90m[1msavepack[22m | 正在保存文件：res://assets/art/ui/lan_lobby/slices_v3/join_button.png.import[39m[0m
[  17% ] [90m[1msavepack[22m | 正在保存文件：res://.godot/imported/join_button_disabled.png-600a9c9ad7c679e63905ff7683fd36cc.ctex[39m[0m
[  17% ] [90m[1msavepack[22m | 正在保存文件：res://assets/art/ui/lan_lobby/slices_v3/join_button_disabled.png.import[39m[0m
[  17% ] [90m[1msavepack[22m | 正在保存文件：res://.godot/imported/join_button_hover.png-91c785bfb423d001dd0665a8078b1246.ctex[39m[0m
[  17% ] [90m[1msavepack[22m | 正在保存文件：res://assets/art/ui/lan_lobby/slices_v3/join_button_hover.png.import[39m[0m
[  17% ] [90m[1msavepack[22m | 正在保存文件：res://.godot/imported/join_button_pressed.png-08cce83879375ffc9f096d1aafd93689.ctex[39m[0m
[  17% ] [90m[1msavepack[22m | 正在保存文件：res://assets/art/ui/lan_lobby/slices_v3/join_button_pressed.png.import[39m[0m
[  17% ] [90m[1msavepack[22m | 正在保存文件：res://.godot/imported/ready_cancel_button_v2.png-15a7d844124a3bfb55739035d9a37d89.ctex[39m[0m
[  17% ] [90m[1msavepack[22m | 正在保存文件：res://assets/art/ui/lan_lobby/slices_v3/ready_cancel_button_v2.png.import[39m[0m
[  17% ] [90m[1msavepack[22m | 正在保存文件：res://.godot/imported/ready_confirm_button_v2.png-fc452470d73ae51c5204c8f9a1791b0f.ctex[39m[0m
[  17% ] [90m[1msavepack[22m | 正在保存文件：res://assets/art/ui/lan_lobby/slices_v3/ready_confirm_button_v2.png.import[39m[0m
[  17% ] [90m[1msavepack[22m | 正在保存文件：res://.godot/imported/red_status_backing.png-9da11a44c40a653371b3252a759c90b8.ctex[39m[0m
[  17% ] [90m[1msavepack[22m | 正在保存文件：res://assets/art/ui/lan_lobby/slices_v3/red_status_backing.png.import[39m[0m
[  18% ] [90m[1msavepack[22m | 正在保存文件：res://.godot/imported/return_button.png-b001eb7252364c7c6ed4971f9e172244.ctex[39m[0m
[  18% ] [90m[1msavepack[22m | 正在保存文件：res://assets/art/ui/lan_lobby/slices_v3/return_button.png.import[39m[0m
[  18% ] [90m[1msavepack[22m | 正在保存文件：res://.godot/imported/return_button_disabled.png-a79122c9158ec0a8f564b919a972773d.ctex[39m[0m
[  18% ] [90m[1msavepack[22m | 正在保存文件：res://assets/art/ui/lan_lobby/slices_v3/return_button_disabled.png.import[39m[0m
[  18% ] [90m[1msavepack[22m | 正在保存文件：res://.godot/imported/return_button_hover.png-5402d113dce0ffec63e62d525ec6f195.ctex[39m[0m
[  18% ] [90m[1msavepack[22m | 正在保存文件：res://assets/art/ui/lan_lobby/slices_v3/return_button_hover.png.import[39m[0m
[  18% ] [90m[1msavepack[22m | 正在保存文件：res://.godot/imported/return_button_pressed.png-e42e1ac3629ddb4fb4c62e8ed6e98c26.ctex[39m[0m
[  18% ] [90m[1msavepack[22m | 正在保存文件：res://assets/art/ui/lan_lobby/slices_v3/return_button_pressed.png.import[39m[0m
[  18% ] [90m[1msavepack[22m | 正在保存文件：res://.godot/imported/room_info_panel.png-e0736032ba8c30092e49a74e3cd3d3cb.ctex[39m[0m
[  18% ] [90m[1msavepack[22m | 正在保存文件：res://assets/art/ui/lan_lobby/slices_v3/room_info_panel.png.import[39m[0m
[  18% ] [90m[1msavepack[22m | 正在保存文件：res://.godot/imported/room_value_backing.png-a3f256746b46503370cc8aebb15bc081.ctex[39m[0m
[  18% ] [90m[1msavepack[22m | 正在保存文件：res://assets/art/ui/lan_lobby/slices_v3/room_value_backing.png.import[39m[0m
[  18% ] [90m[1msavepack[22m | 正在保存文件：res://.godot/imported/rules_panel.png-71bce73bf6a17819efb8491ca6841095.ctex[39m[0m
[  18% ] [90m[1msavepack[22m | 正在保存文件：res://assets/art/ui/lan_lobby/slices_v3/rules_panel.png.import[39m[0m
[  19% ] [90m[1msavepack[22m | 正在保存文件：res://assets/art/ui/lan_lobby/slices_v3/slice_manifest.json[39m[0m
[  19% ] [90m[1msavepack[22m | 正在保存文件：res://.godot/imported/start_game_button_v2.png-a0894940bfdf73b1dd17fa6c393b206f.ctex[39m[0m
[  19% ] [90m[1msavepack[22m | 正在保存文件：res://assets/art/ui/lan_lobby/slices_v3/start_game_button_v2.png.import[39m[0m
[  19% ] [90m[1msavepack[22m | 正在保存文件：res://.godot/imported/status_panel.png-acb63bb8bf578cc1d5ad8f3735102426.ctex[39m[0m
[  19% ] [90m[1msavepack[22m | 正在保存文件：res://assets/art/ui/lan_lobby/slices_v3/status_panel.png.import[39m[0m
[  19% ] [90m[1msavepack[22m | 正在保存文件：res://.godot/imported/versus_panel.png-fe99ae9791d3bf7201e43843618f98f1.ctex[39m[0m
[  19% ] [90m[1msavepack[22m | 正在保存文件：res://assets/art/ui/lan_lobby/slices_v3/versus_panel.png.import[39m[0m
[  19% ] [90m[1msavepack[22m | 正在保存文件：res://.godot/imported/lan_lobby_board_backdrop_v1.png-84d5f8d8c53263d947fd50dbac7daa6d.ctex[39m[0m
[  19% ] [90m[1msavepack[22m | 正在保存文件：res://assets/art/ui/lan_lobby/lan_lobby_board_backdrop_v1.png.import[39m[0m
[  19% ] [90m[1msavepack[22m | 正在保存文件：res://.godot/imported/lan_lobby_full_plate_v2.png-025140a8faecc11c63572d54295e1a04.ctex[39m[0m
[  19% ] [90m[1msavepack[22m | 正在保存文件：res://assets/art/ui/lan_lobby/lan_lobby_full_plate_v2.png.import[39m[0m
[  19% ] [90m[1msavepack[22m | 正在保存文件：res://.godot/imported/level_guide_panel_v1.png-3bf82b16397162138857693ec6dbda69.ctex[39m[0m
[  19% ] [90m[1msavepack[22m | 正在保存文件：res://assets/art/ui/level_guide_panel/level_guide_panel_v1.png.import[39m[0m
[  20% ] [90m[1msavepack[22m | 正在保存文件：res://.godot/imported/back_button_v2.png-09611446fc83e26ccc1bc7e52bb779ea.ctex[39m[0m
[  20% ] [90m[1msavepack[22m | 正在保存文件：res://assets/art/ui/level_select/components/back_button_v2.png.import[39m[0m
[  20% ] [90m[1msavepack[22m | 正在保存文件：res://.godot/imported/category_normal_v2.png-afd0763cbf0be2c7dcc0d1a6c23bb8d0.ctex[39m[0m
[  20% ] [90m[1msavepack[22m | 正在保存文件：res://assets/art/ui/level_select/components/category_normal_v2.png.import[39m[0m
[  20% ] [90m[1msavepack[22m | 正在保存文件：res://.godot/imported/category_selected_v2.png-e0ef17710b302e4e7502a3657975ce63.ctex[39m[0m
[  20% ] [90m[1msavepack[22m | 正在保存文件：res://assets/art/ui/level_select/components/category_selected_v2.png.import[39m[0m
[  20% ] [90m[1msavepack[22m | 正在保存文件：res://.godot/imported/enter_button_v2.png-98e5708005acc8546e30e48fc929c50e.ctex[39m[0m
[  20% ] [90m[1msavepack[22m | 正在保存文件：res://assets/art/ui/level_select/components/enter_button_v2.png.import[39m[0m
[  20% ] [90m[1msavepack[22m | 正在保存文件：res://.godot/imported/key_frame_v2.png-cee34a9b885a819e6b152b68a90b0603.ctex[39m[0m
[  20% ] [90m[1msavepack[22m | 正在保存文件：res://assets/art/ui/level_select/components/key_frame_v2.png.import[39m[0m
[  20% ] [90m[1msavepack[22m | 正在保存文件：res://.godot/imported/node_available_v2.png-b1a8e002e0605ce8ac3c1e95d3372fbf.ctex[39m[0m
[  20% ] [90m[1msavepack[22m | 正在保存文件：res://assets/art/ui/level_select/components/node_available_v2.png.import[39m[0m
[  20% ] [90m[1msavepack[22m | 正在保存文件：res://.godot/imported/node_completed_v2.png-51b9711028c3aebd7c5a7851a6390235.ctex[39m[0m
[  20% ] [90m[1msavepack[22m | 正在保存文件：res://assets/art/ui/level_select/components/node_completed_v2.png.import[39m[0m
[  21% ] [90m[1msavepack[22m | 正在保存文件：res://.godot/imported/node_disabled_v2.png-dc772a9b6f6e74563e326c0164630e38.ctex[39m[0m
[  21% ] [90m[1msavepack[22m | 正在保存文件：res://assets/art/ui/level_select/components/node_disabled_v2.png.import[39m[0m
[  21% ] [90m[1msavepack[22m | 正在保存文件：res://.godot/imported/node_locked_v2.png-27573341e6c380288cc80b2230f42a75.ctex[39m[0m
[  21% ] [90m[1msavepack[22m | 正在保存文件：res://assets/art/ui/level_select/components/node_locked_v2.png.import[39m[0m
[  21% ] [90m[1msavepack[22m | 正在保存文件：res://.godot/imported/node_selected_v2.png-e676a6517ed26d8785e4921ad25ff0db.ctex[39m[0m
[  21% ] [90m[1msavepack[22m | 正在保存文件：res://assets/art/ui/level_select/components/node_selected_v2.png.import[39m[0m
[  21% ] [90m[1msavepack[22m | 正在保存文件：res://.godot/imported/progress_ring_v2.png-20b54b9d490d902f12f57788a434a96c.ctex[39m[0m
[  21% ] [90m[1msavepack[22m | 正在保存文件：res://assets/art/ui/level_select/components/progress_ring_v2.png.import[39m[0m
[  21% ] [90m[1msavepack[22m | 正在保存文件：res://.godot/imported/reward_slot_v2.png-a9c1857d2be9c2890ddf105a85a5556c.ctex[39m[0m
[  21% ] [90m[1msavepack[22m | 正在保存文件：res://assets/art/ui/level_select/components/reward_slot_v2.png.import[39m[0m
[  21% ] [90m[1msavepack[22m | 正在保存文件：res://.godot/imported/secondary_button_v2.png-c9b74dcbadfef545b64f0592bc849546.ctex[39m[0m
[  21% ] [90m[1msavepack[22m | 正在保存文件：res://assets/art/ui/level_select/components/secondary_button_v2.png.import[39m[0m
[  21% ] [90m[1msavepack[22m | 正在保存文件：res://.godot/imported/level_select_approved_master_v2.png-6c0627126ee1b27950d9721725fcdcfe.ctex[39m[0m
[  21% ] [90m[1msavepack[22m | 正在保存文件：res://assets/art/ui/level_select/source/level_select_approved_master_v2.png.import[39m[0m
[  22% ] [90m[1msavepack[22m | 正在保存文件：res://.godot/imported/level_campaign_map_background_v1.png-19066868f32b3a0911a217098059ec7c.ctex[39m[0m
[  22% ] [90m[1msavepack[22m | 正在保存文件：res://assets/art/ui/level_select/level_campaign_map_background_v1.png.import[39m[0m
[  22% ] [90m[1msavepack[22m | 正在保存文件：res://.godot/imported/level_node_states_v1.png-d7513df0c7ff331317c36921163adb5b.ctex[39m[0m
[  22% ] [90m[1msavepack[22m | 正在保存文件：res://assets/art/ui/level_select/level_node_states_v1.png.import[39m[0m
[  22% ] [90m[1msavepack[22m | 正在保存文件：res://.godot/imported/level_select_control_atlas_v2.png-1123f7a3858774b4dc3bfad1245ffa7c.ctex[39m[0m
[  22% ] [90m[1msavepack[22m | 正在保存文件：res://assets/art/ui/level_select/level_select_control_atlas_v2.png.import[39m[0m
[  22% ] [90m[1msavepack[22m | 正在保存文件：res://.godot/imported/level_select_control_atlas_v2_purple_screen.png-41803b27d6254d9774ce45c6f2b32605.ctex[39m[0m
[  22% ] [90m[1msavepack[22m | 正在保存文件：res://assets/art/ui/level_select/level_select_control_atlas_v2_purple_screen.png.import[39m[0m
[  22% ] [90m[1msavepack[22m | 正在保存文件：res://.godot/imported/level_select_empty_background_v2.png-aa74332259d01292c1f1d85cfd895d27.ctex[39m[0m
[  22% ] [90m[1msavepack[22m | 正在保存文件：res://assets/art/ui/level_select/level_select_empty_background_v2.png.import[39m[0m
[  22% ] [90m[1msavepack[22m | 正在保存文件：res://.godot/imported/level_select_empty_background_v3.png-c3a60a626bc0021304375c3201a10385.ctex[39m[0m
[  22% ] [90m[1msavepack[22m | 正在保存文件：res://assets/art/ui/level_select/level_select_empty_background_v3.png.import[39m[0m
[  22% ] [90m[1msavepack[22m | 正在保存文件：res://.godot/imported/failure_back_button_v1.png-dd7e69f94ddc998534dfc87e702343f3.ctex[39m[0m
[  22% ] [90m[1msavepack[22m | 正在保存文件：res://assets/art/ui/loading_transition/failure_back_button_v1.png.import[39m[0m
[  23% ] [90m[1msavepack[22m | 正在保存文件：res://.godot/imported/failure_retry_button_v1.png-b2641d9e8a8c86d0b981b8db94c84010.ctex[39m[0m
[  23% ] [90m[1msavepack[22m | 正在保存文件：res://assets/art/ui/loading_transition/failure_retry_button_v1.png.import[39m[0m
[  23% ] [90m[1msavepack[22m | 正在保存文件：res://.godot/imported/loading_nine_route_seal_v1.png-ace15f63f0aef09749852942af80b43d.ctex[39m[0m
[  23% ] [90m[1msavepack[22m | 正在保存文件：res://assets/art/ui/loading_transition/loading_nine_route_seal_v1.png.import[39m[0m
[  23% ] [90m[1msavepack[22m | 正在保存文件：res://.godot/imported/action_rules_panel_v1.png-ac76e5391592113785ca9a6c06f9344f.ctex[39m[0m
[  23% ] [90m[1msavepack[22m | 正在保存文件：res://assets/art/ui/match_hud_v3/action_rules_panel_v1.png.import[39m[0m
[  23% ] [90m[1msavepack[22m | 正在保存文件：res://.godot/imported/button_plate_v1.png-6c00231d0a8fb5dd1e6ff0b13649d8d8.ctex[39m[0m
[  23% ] [90m[1msavepack[22m | 正在保存文件：res://assets/art/ui/match_hud_v3/button_plate_v1.png.import[39m[0m
[  23% ] [90m[1msavepack[22m | 正在保存文件：res://.godot/imported/faction_summary_plate_v1.png-b8c6e48e4ba13d4bff7b5581d30c0318.ctex[39m[0m
[  23% ] [90m[1msavepack[22m | 正在保存文件：res://assets/art/ui/match_hud_v3/faction_summary_plate_v1.png.import[39m[0m
[  23% ] [90m[1msavepack[22m | 正在保存文件：res://.godot/imported/minimap_frame_v1.png-f118faab5be118c3fd3ca5cd364d9775.ctex[39m[0m
[  23% ] [90m[1msavepack[22m | 正在保存文件：res://assets/art/ui/match_hud_v3/minimap_frame_v1.png.import[39m[0m
[  23% ] [90m[1msavepack[22m | 正在保存文件：res://.godot/imported/objective_events_panel_v1.png-eaba52b4c624de1fee96d260442787af.ctex[39m[0m
[  23% ] [90m[1msavepack[22m | 正在保存文件：res://assets/art/ui/match_hud_v3/objective_events_panel_v1.png.import[39m[0m
[  24% ] [90m[1msavepack[22m | 正在保存文件：res://.godot/imported/panel_9slice_v1.png-7f5684df12c82427a6ac285a36406de0.ctex[39m[0m
[  24% ] [90m[1msavepack[22m | 正在保存文件：res://assets/art/ui/match_hud_v3/panel_9slice_v1.png.import[39m[0m
[  24% ] [90m[1msavepack[22m | 正在保存文件：res://.godot/imported/turn_status_bar_v1.png-07b86a5855008c0163859d68ad0093a6.ctex[39m[0m
[  24% ] [90m[1msavepack[22m | 正在保存文件：res://assets/art/ui/match_hud_v3/turn_status_bar_v1.png.import[39m[0m
[  24% ] [90m[1msavepack[22m | 正在保存文件：res://.godot/imported/unit_info_card_v1.png-bdff7c0f1782ffd0f97ca4f2fb1b0d1a.ctex[39m[0m
[  24% ] [90m[1msavepack[22m | 正在保存文件：res://assets/art/ui/match_hud_v3/unit_info_card_v1.png.import[39m[0m
[  24% ] [90m[1msavepack[22m | 正在保存文件：res://.godot/imported/settings_components_chroma_v2.png-b9b93136547b927391f0c91f54543f41.ctex[39m[0m
[  24% ] [90m[1msavepack[22m | 正在保存文件：res://assets/art/ui/settings/chroma_sources/settings_components_chroma_v2.png.import[39m[0m
[  24% ] [90m[1msavepack[22m | 正在保存文件：res://.godot/imported/settings_frame_chroma_v2.png-2fec0450201102375c83676c88c0688b.ctex[39m[0m
[  24% ] [90m[1msavepack[22m | 正在保存文件：res://assets/art/ui/settings/chroma_sources/settings_frame_chroma_v2.png.import[39m[0m
[  24% ] [90m[1msavepack[22m | 正在保存文件：res://.godot/imported/settings_micro_components_chroma_v2.png-054cc3f8a73a28545b643af66633e601.ctex[39m[0m
[  24% ] [90m[1msavepack[22m | 正在保存文件：res://assets/art/ui/settings/chroma_sources/settings_micro_components_chroma_v2.png.import[39m[0m
[  24% ] [90m[1msavepack[22m | 正在保存文件：res://.godot/imported/settings_button_primary_v2.png-b5aeb398136edf435a3ed377b026622d.ctex[39m[0m
[  24% ] [90m[1msavepack[22m | 正在保存文件：res://assets/art/ui/settings/png_v2/settings_button_primary_v2.png.import[39m[0m
[  25% ] [90m[1msavepack[22m | 正在保存文件：res://.godot/imported/settings_button_secondary_v2.png-b4f95357f2f5b2f7bf683ec991b1562d.ctex[39m[0m
[  25% ] [90m[1msavepack[22m | 正在保存文件：res://assets/art/ui/settings/png_v2/settings_button_secondary_v2.png.import[39m[0m
[  25% ] [90m[1msavepack[22m | 正在保存文件：res://.godot/imported/settings_checkbox_checked_v2.png-ad8b465d9727c1af86e34547855166c6.ctex[39m[0m
[  25% ] [90m[1msavepack[22m | 正在保存文件：res://assets/art/ui/settings/png_v2/settings_checkbox_checked_v2.png.import[39m[0m
[  25% ] [90m[1msavepack[22m | 正在保存文件：res://.godot/imported/settings_checkbox_empty_v2.png-5ee8256461d21d88ffb914c8c5c53c31.ctex[39m[0m
[  25% ] [90m[1msavepack[22m | 正在保存文件：res://assets/art/ui/settings/png_v2/settings_checkbox_empty_v2.png.import[39m[0m
[  25% ] [90m[1msavepack[22m | 正在保存文件：res://.godot/imported/settings_dropdown_arrow_v2.png-5509e6355d8b5b959c769fc167c81389.ctex[39m[0m
[  25% ] [90m[1msavepack[22m | 正在保存文件：res://assets/art/ui/settings/png_v2/settings_dropdown_arrow_v2.png.import[39m[0m
[  25% ] [90m[1msavepack[22m | 正在保存文件：res://.godot/imported/settings_frame_v2.png-ebf5874dc8d902fe0340558501f3385f.ctex[39m[0m
[  25% ] [90m[1msavepack[22m | 正在保存文件：res://assets/art/ui/settings/png_v2/settings_frame_v2.png.import[39m[0m
[  25% ] [90m[1msavepack[22m | 正在保存文件：res://.godot/imported/settings_option_field_v2.png-32b8b9c76586b920dcdb30773ea23482.ctex[39m[0m
[  25% ] [90m[1msavepack[22m | 正在保存文件：res://assets/art/ui/settings/png_v2/settings_option_field_v2.png.import[39m[0m
[  25% ] [90m[1msavepack[22m | 正在保存文件：res://.godot/imported/settings_slider_knob_v2.png-fb987ee3db374eae11bdfc0f621ad739.ctex[39m[0m
[  25% ] [90m[1msavepack[22m | 正在保存文件：res://assets/art/ui/settings/png_v2/settings_slider_knob_v2.png.import[39m[0m
[  26% ] [90m[1msavepack[22m | 正在保存文件：res://.godot/imported/settings_slider_track_v2.png-14a84477ace489213f61fef8d0945405.ctex[39m[0m
[  26% ] [90m[1msavepack[22m | 正在保存文件：res://assets/art/ui/settings/png_v2/settings_slider_track_v2.png.import[39m[0m
[  26% ] [90m[1msavepack[22m | 正在保存文件：res://.godot/imported/settings_slider_v2.png-2de5a7b3b4ef48837242d26626582753.ctex[39m[0m
[  26% ] [90m[1msavepack[22m | 正在保存文件：res://assets/art/ui/settings/png_v2/settings_slider_v2.png.import[39m[0m
[  26% ] [90m[1msavepack[22m | 正在保存文件：res://.godot/imported/settings_tab_active_v2.png-f462ae7f90100c82a03bce3740f34df5.ctex[39m[0m
[  26% ] [90m[1msavepack[22m | 正在保存文件：res://assets/art/ui/settings/png_v2/settings_tab_active_v2.png.import[39m[0m
[  26% ] [90m[1msavepack[22m | 正在保存文件：res://.godot/imported/settings_tab_inactive_v2.png-a2c79572e0072a339cad702cfa360c82.ctex[39m[0m
[  26% ] [90m[1msavepack[22m | 正在保存文件：res://assets/art/ui/settings/png_v2/settings_tab_inactive_v2.png.import[39m[0m
[  26% ] [90m[1msavepack[22m | 正在保存文件：res://.godot/imported/settings_title_crest_v2.png-eb06b795a9422616b8eb9ea462cf50ff.ctex[39m[0m
[  26% ] [90m[1msavepack[22m | 正在保存文件：res://assets/art/ui/settings/png_v2/settings_title_crest_v2.png.import[39m[0m
[  26% ] [90m[1msavepack[22m | 正在保存文件：res://.godot/imported/settings_button_primary_v1.png-a6e4a974247cd878f8f46ffd40a4cbcc.ctex[39m[0m
[  26% ] [90m[1msavepack[22m | 正在保存文件：res://assets/art/ui/settings/settings_button_primary_v1.png.import[39m[0m
[  26% ] [90m[1msavepack[22m | 正在保存文件：res://.godot/imported/settings_button_secondary_v1.png-076f54b8bda32bbd0523bcc09b22e953.ctex[39m[0m
[  26% ] [90m[1msavepack[22m | 正在保存文件：res://assets/art/ui/settings/settings_button_secondary_v1.png.import[39m[0m
[  27% ] [90m[1msavepack[22m | 正在保存文件：res://.godot/imported/settings_panel_9slice_v1.png-c8231eed74bc27180eb6faaa431f5f52.ctex[39m[0m
[  27% ] [90m[1msavepack[22m | 正在保存文件：res://assets/art/ui/settings/settings_panel_9slice_v1.png.import[39m[0m
[  27% ] [90m[1msavepack[22m | 正在保存文件：res://.godot/imported/settings_infantry_shield_gear_purple_v1.png-83ec19b1de40bcade7c3e0a64a739a3d.ctex[39m[0m
[  27% ] [90m[1msavepack[22m | 正在保存文件：res://assets/art/ui/start_sequence/source_chroma/settings_infantry_shield_gear_purple_v1.png.import[39m[0m
[  27% ] [90m[1msavepack[22m | 正在保存文件：res://.godot/imported/gate_environment_open_v1.png-0d2cd86490d2289afeb3ec8fb7810694.ctex[39m[0m
[  27% ] [90m[1msavepack[22m | 正在保存文件：res://assets/art/ui/start_sequence/gate_environment_open_v1.png.import[39m[0m
[  27% ] [90m[1msavepack[22m | 正在保存文件：res://.godot/imported/gate_left_door_v1.png-aae5b65dd6fa58235363c93a0eebe90a.ctex[39m[0m
[  27% ] [90m[1msavepack[22m | 正在保存文件：res://assets/art/ui/start_sequence/gate_left_door_v1.png.import[39m[0m
[  27% ] [90m[1msavepack[22m | 正在保存文件：res://.godot/imported/gate_left_door_v2.png-a42801a50304ff3ba6855dd3315f4447.ctex[39m[0m
[  27% ] [90m[1msavepack[22m | 正在保存文件：res://assets/art/ui/start_sequence/gate_left_door_v2.png.import[39m[0m
[  27% ] [90m[1msavepack[22m | 正在保存文件：res://.godot/imported/gate_right_door_v1.png-02f608e69018862ab41c7f49c5023b35.ctex[39m[0m
[  27% ] [90m[1msavepack[22m | 正在保存文件：res://assets/art/ui/start_sequence/gate_right_door_v1.png.import[39m[0m
[  27% ] [90m[1msavepack[22m | 正在保存文件：res://.godot/imported/gate_right_door_v2.png-8ebd7b376b339485843676d7ae15b7e0.ctex[39m[0m
[  27% ] [90m[1msavepack[22m | 正在保存文件：res://assets/art/ui/start_sequence/gate_right_door_v2.png.import[39m[0m
[  28% ] [90m[1msavepack[22m | 正在保存文件：res://.godot/imported/gate_soldiers_idle_v1.png-494f730e305b76bce950f82c5d9f98bd.ctex[39m[0m
[  28% ] [90m[1msavepack[22m | 正在保存文件：res://assets/art/ui/start_sequence/gate_soldiers_idle_v1.png.import[39m[0m
[  28% ] [90m[1msavepack[22m | 正在保存文件：res://.godot/imported/gate_soldiers_push_v1.png-7801f045bd71c4a0d1b573becb389957.ctex[39m[0m
[  28% ] [90m[1msavepack[22m | 正在保存文件：res://assets/art/ui/start_sequence/gate_soldiers_push_v1.png.import[39m[0m
[  28% ] [90m[1msavepack[22m | 正在保存文件：res://.godot/imported/menu_bronze_sword_button_v1.png-28970aae1683ce33ed6e47b006537b04.ctex[39m[0m
[  28% ] [90m[1msavepack[22m | 正在保存文件：res://assets/art/ui/start_sequence/menu_bronze_sword_button_v1.png.import[39m[0m
[  28% ] [90m[1msavepack[22m | 正在保存文件：res://.godot/imported/settings_infantry_shield_gear_v1.png-2656a5b608ea33cd1c46a1fad9c10189.ctex[39m[0m
[  28% ] [90m[1msavepack[22m | 正在保存文件：res://assets/art/ui/start_sequence/settings_infantry_shield_gear_v1.png.import[39m[0m
[  28% ] [90m[1msavepack[22m | 正在保存文件：res://.godot/imported/veilfront_logo_frontier_seal_v1.png-98ee98e49e1d381a22823d2147c6b4f5.ctex[39m[0m
[  28% ] [90m[1msavepack[22m | 正在保存文件：res://assets/art/ui/start_sequence/veilfront_logo_frontier_seal_v1.png.import[39m[0m
[  28% ] [90m[1msavepack[22m | 正在保存文件：res://.godot/imported/veilfront_logo_gold_pair_v2.png-7bc21b4708bda82cc992fed9374468ee.ctex[39m[0m
[  28% ] [90m[1msavepack[22m | 正在保存文件：res://assets/art/ui/start_sequence/veilfront_logo_gold_pair_v2.png.import[39m[0m
[  28% ] [90m[1msavepack[22m | 正在保存文件：res://.godot/imported/veilfront_logo_mist_seal_v1.png-e19809744b524f88d04c05a405e6add3.ctex[39m[0m
[  28% ] [90m[1msavepack[22m | 正在保存文件：res://assets/art/ui/start_sequence/veilfront_logo_mist_seal_v1.png.import[39m[0m
[  29% ] [90m[1msavepack[22m | 正在保存文件：res://.godot/imported/veilfront_logo_vertical_v1.png-4f563ec3e44d86196adea9f00ffd69df.ctex[39m[0m
[  29% ] [90m[1msavepack[22m | 正在保存文件：res://assets/art/ui/start_sequence/veilfront_logo_vertical_v1.png.import[39m[0m
[  29% ] [90m[1msavepack[22m | 正在保存文件：res://.godot/imported/veilfront_logo_vertical_v2.png-8129b5aa7674fdd44280e1f17a21a50d.ctex[39m[0m
[  29% ] [90m[1msavepack[22m | 正在保存文件：res://assets/art/ui/start_sequence/veilfront_logo_vertical_v2.png.import[39m[0m
[  29% ] [90m[1msavepack[22m | 正在保存文件：res://.godot/imported/veilfront_subtitle_horizontal_v1.png-2400a51ad9146e33b04341ba59ce86b7.ctex[39m[0m
[  29% ] [90m[1msavepack[22m | 正在保存文件：res://assets/art/ui/start_sequence/veilfront_subtitle_horizontal_v1.png.import[39m[0m
[  29% ] [90m[1msavepack[22m | 正在保存文件：res://.godot/imported/veilfront_subtitle_seal_v1.png-09d1237c42abde60012f8e2a6675cb60.ctex[39m[0m
[  29% ] [90m[1msavepack[22m | 正在保存文件：res://assets/art/ui/start_sequence/veilfront_subtitle_seal_v1.png.import[39m[0m
[  29% ] [90m[1msavepack[22m | 正在保存文件：res://.godot/imported/veilfront_subtitle_square_seal_v2.png-9ca837a0c6d247f1221fd70d43d7eaf8.ctex[39m[0m
[  29% ] [90m[1msavepack[22m | 正在保存文件：res://assets/art/ui/start_sequence/veilfront_subtitle_square_seal_v2.png.import[39m[0m
[  29% ] [90m[1msavepack[22m | 正在保存文件：res://.godot/imported/system_dialog_button_primary_purple_v1.png-983d624057bf7cbb9e2e11529980697d.ctex[39m[0m
[  29% ] [90m[1msavepack[22m | 正在保存文件：res://assets/art/ui/system_dialog/source_chroma/system_dialog_button_primary_purple_v1.png.import[39m[0m
[  29% ] [90m[1msavepack[22m | 正在保存文件：res://.godot/imported/system_dialog_button_secondary_purple_v1.png-a347fc2cb70b259fe9730faf0e135e0f.ctex[39m[0m
[  29% ] [90m[1msavepack[22m | 正在保存文件：res://assets/art/ui/system_dialog/source_chroma/system_dialog_button_secondary_purple_v1.png.import[39m[0m
[  30% ] [90m[1msavepack[22m | 正在保存文件：res://.godot/imported/system_dialog_panel_purple_v1.png-7e9dc7a0c8e4dd211b5bb39f67ec0dba.ctex[39m[0m
[  30% ] [90m[1msavepack[22m | 正在保存文件：res://assets/art/ui/system_dialog/source_chroma/system_dialog_panel_purple_v1.png.import[39m[0m
[  30% ] [90m[1msavepack[22m | 正在保存文件：res://.godot/imported/system_dialog_button_primary_v1.png-f584ca76d176e824cb0d3dc92c35b085.ctex[39m[0m
[  30% ] [90m[1msavepack[22m | 正在保存文件：res://assets/art/ui/system_dialog/system_dialog_button_primary_v1.png.import[39m[0m
[  30% ] [90m[1msavepack[22m | 正在保存文件：res://.godot/imported/system_dialog_button_secondary_v1.png-a0fe4fd84d0edf9458e5ab865024dbbe.ctex[39m[0m
[  30% ] [90m[1msavepack[22m | 正在保存文件：res://assets/art/ui/system_dialog/system_dialog_button_secondary_v1.png.import[39m[0m
[  30% ] [90m[1msavepack[22m | 正在保存文件：res://.godot/imported/system_dialog_panel_v1.png-0241d590e8734cd2fcc4c4245613c765.ctex[39m[0m
[  30% ] [90m[1msavepack[22m | 正在保存文件：res://assets/art/ui/system_dialog/system_dialog_panel_v1.png.import[39m[0m
[  30% ] [90m[1msavepack[22m | 正在保存文件：res://.godot/imported/terminal_result_button_primary_purple_v2.png-117351819aa4fb145f9a2ede4a99fc0f.ctex[39m[0m
[  30% ] [90m[1msavepack[22m | 正在保存文件：res://assets/art/ui/terminal_result/source_chroma/terminal_result_button_primary_purple_v2.png.import[39m[0m
[  30% ] [90m[1msavepack[22m | 正在保存文件：res://.godot/imported/terminal_result_button_secondary_purple_v2.png-cc17546b95a660a0f35abad64206bd7e.ctex[39m[0m
[  30% ] [90m[1msavepack[22m | 正在保存文件：res://assets/art/ui/terminal_result/source_chroma/terminal_result_button_secondary_purple_v2.png.import[39m[0m
[  30% ] [90m[1msavepack[22m | 正在保存文件：res://.godot/imported/terminal_result_panel_purple_v2.png-a263ed4b133ce808d5c8bf681f32930b.ctex[39m[0m
[  30% ] [90m[1msavepack[22m | 正在保存文件：res://assets/art/ui/terminal_result/source_chroma/terminal_result_panel_purple_v2.png.import[39m[0m
[  31% ] [90m[1msavepack[22m | 正在保存文件：res://.godot/imported/terminal_result_button_primary_v2.png-df34c9dc815dcdee7fc20ff0b5c1127a.ctex[39m[0m
[  31% ] [90m[1msavepack[22m | 正在保存文件：res://assets/art/ui/terminal_result/terminal_result_button_primary_v2.png.import[39m[0m
[  31% ] [90m[1msavepack[22m | 正在保存文件：res://.godot/imported/terminal_result_button_secondary_v2.png-cef3db07222fdb3212f298c4cae578ae.ctex[39m[0m
[  31% ] [90m[1msavepack[22m | 正在保存文件：res://assets/art/ui/terminal_result/terminal_result_button_secondary_v2.png.import[39m[0m
[  31% ] [90m[1msavepack[22m | 正在保存文件：res://.godot/imported/terminal_result_panel_v2.png-a5079506826e6dc2dbe5837eadf7b88a.ctex[39m[0m
[  31% ] [90m[1msavepack[22m | 正在保存文件：res://assets/art/ui/terminal_result/terminal_result_panel_v2.png.import[39m[0m
[  31% ] [90m[1msavepack[22m | 正在保存文件：res://.godot/imported/dual_incense_bronze_stand_v1.png-f7a16699bfc8ee8d4d56602171c0bc0b.ctex[39m[0m
[  31% ] [90m[1msavepack[22m | 正在保存文件：res://assets/art/ui/terracotta_hud_v2/incense_assembly/dual_incense_bronze_stand_v1.png.import[39m[0m
[  31% ] [90m[1msavepack[22m | 正在保存文件：res://.godot/imported/piece_info_drawer_frame_v1.png-f673be44f2a054f4a0cb1d2bbab9b2a1.ctex[39m[0m
[  31% ] [90m[1msavepack[22m | 正在保存文件：res://assets/art/ui/terracotta_hud_v2/incense_assembly/piece_info_drawer_frame_v1.png.import[39m[0m
[  31% ] [90m[1msavepack[22m | 正在保存文件：res://.godot/imported/piece_info_drawer_frame_v2.png-4abe84a62189f95071fdafa7e7d62b06.ctex[39m[0m
[  31% ] [90m[1msavepack[22m | 正在保存文件：res://assets/art/ui/terracotta_hud_v2/incense_assembly/piece_info_drawer_frame_v2.png.import[39m[0m
[  31% ] [90m[1msavepack[22m | 正在保存文件：res://.godot/imported/round_incense_vertical_v1.png-1b89073b0caf27f8705f7d26ed01941f.ctex[39m[0m
[  31% ] [90m[1msavepack[22m | 正在保存文件：res://assets/art/ui/terracotta_hud_v2/incense_assembly/round_incense_vertical_v1.png.import[39m[0m
[  32% ] [90m[1msavepack[22m | 正在保存文件：res://.godot/imported/round_smoke_display_frame_v1.png-bc59e9528099dc01d98658bdd73e99ce.ctex[39m[0m
[  32% ] [90m[1msavepack[22m | 正在保存文件：res://assets/art/ui/terracotta_hud_v2/incense_assembly/round_smoke_display_frame_v1.png.import[39m[0m
[  32% ] [90m[1msavepack[22m | 正在保存文件：res://.godot/imported/timer_incense_vertical_v1.png-ba44f2e4e9160b6914db74f8a94956cf.ctex[39m[0m
[  32% ] [90m[1msavepack[22m | 正在保存文件：res://assets/art/ui/terracotta_hud_v2/incense_assembly/timer_incense_vertical_v1.png.import[39m[0m
[  32% ] [90m[1msavepack[22m | 正在保存文件：res://.godot/imported/marker_icon_atlas_v1.png-05120a1122ab0a36a6626947676494b7.ctex[39m[0m
[  32% ] [90m[1msavepack[22m | 正在保存文件：res://assets/art/ui/terracotta_hud_v2/markers/marker_icon_atlas_v1.png.import[39m[0m
[  32% ] [90m[1msavepack[22m | 正在保存文件：res://.godot/imported/marker_menu_frame_v1.png-e883ea648c8b01e8269351d0453e2c84.ctex[39m[0m
[  32% ] [90m[1msavepack[22m | 正在保存文件：res://assets/art/ui/terracotta_hud_v2/markers/marker_menu_frame_v1.png.import[39m[0m
[  32% ] [90m[1msavepack[22m | 正在保存文件：res://assets/art/ui/terracotta_hud_v2/turn_progress_incense/smoke_digit_transition.gdshader[39m[0m
[  32% ] [90m[1msavepack[22m | 正在保存文件：res://.godot/imported/turn_progress_ember_v1.png-60094bdef6c75fa60ec6608b4123815f.ctex[39m[0m
[  32% ] [90m[1msavepack[22m | 正在保存文件：res://assets/art/ui/terracotta_hud_v2/turn_progress_incense/turn_progress_ember_v1.png.import[39m[0m
[  32% ] [90m[1msavepack[22m | 正在保存文件：res://.godot/imported/turn_progress_holder_v1.png-d10432f7c6cdbe82ffea38fb944b10bf.ctex[39m[0m
[  32% ] [90m[1msavepack[22m | 正在保存文件：res://assets/art/ui/terracotta_hud_v2/turn_progress_incense/turn_progress_holder_v1.png.import[39m[0m
[  33% ] [90m[1msavepack[22m | 正在保存文件：res://.godot/imported/turn_progress_incense_body_v1.png-c19efb4756f2554096e50f3ae4909059.ctex[39m[0m
[  33% ] [90m[1msavepack[22m | 正在保存文件：res://assets/art/ui/terracotta_hud_v2/turn_progress_incense/turn_progress_incense_body_v1.png.import[39m[0m
[  33% ] [90m[1msavepack[22m | 正在保存文件：res://assets/art/ui/terracotta_hud_v2/turn_progress_incense/turn_progress_incense_layers_v1.json[39m[0m
[  33% ] [90m[1msavepack[22m | 正在保存文件：res://.godot/imported/turn_progress_incense_preview_v1.png-453c8a778f3b4aa70d23d5ffcdce57f4.ctex[39m[0m
[  33% ] [90m[1msavepack[22m | 正在保存文件：res://assets/art/ui/terracotta_hud_v2/turn_progress_incense/turn_progress_incense_preview_v1.png.import[39m[0m
[  33% ] [90m[1msavepack[22m | 正在保存文件：res://.godot/imported/turn_progress_smoke_sequence_8f_v1.png-638564c44ecf86efbe685493bd19b91b.ctex[39m[0m
[  33% ] [90m[1msavepack[22m | 正在保存文件：res://assets/art/ui/terracotta_hud_v2/turn_progress_incense/turn_progress_smoke_sequence_8f_v1.png.import[39m[0m
[  33% ] [90m[1msavepack[22m | 正在保存文件：res://.godot/imported/turn_progress_smoke_wisp_v1.png-cb7281bcc5bcf6ddce74d87b6b3fa0fd.ctex[39m[0m
[  33% ] [90m[1msavepack[22m | 正在保存文件：res://assets/art/ui/terracotta_hud_v2/turn_progress_incense/turn_progress_smoke_wisp_v1.png.import[39m[0m
[  33% ] [90m[1msavepack[22m | 正在保存文件：res://.godot/imported/action_bar_frame_v1.png-04e268265222e18290977f67629c64e9.ctex[39m[0m
[  33% ] [90m[1msavepack[22m | 正在保存文件：res://assets/art/ui/terracotta_hud_v2/action_bar_frame_v1.png.import[39m[0m
[  33% ] [90m[1msavepack[22m | 正在保存文件：res://.godot/imported/action_button_states_v1.png-ffc43cef5d02654cf197acb1f46aaec2.ctex[39m[0m
[  33% ] [90m[1msavepack[22m | 正在保存文件：res://assets/art/ui/terracotta_hud_v2/action_button_states_v1.png.import[39m[0m
[  33% ] [90m[1msavepack[22m | 正在保存文件：res://.godot/imported/faction_status_plate_v1.png-080d9c51a3360d94cbd9fcbee4655992.ctex[39m[0m
[  33% ] [90m[1msavepack[22m | 正在保存文件：res://assets/art/ui/terracotta_hud_v2/faction_status_plate_v1.png.import[39m[0m
[  33% ] [90m[1msavepack[22m | 正在保存文件：res://.godot/imported/hud_panel_9slice_v1.png-cb8607e8acc30e7df888e558884379a4.ctex[39m[0m
[  33% ] [90m[1msavepack[22m | 正在保存文件：res://assets/art/ui/terracotta_hud_v2/hud_panel_9slice_v1.png.import[39m[0m
[  33% ] [90m[1msavepack[22m | 正在保存文件：res://.godot/imported/minimap_frame_v1.png-7459dff91c2eb269e668172d8ff99a17.ctex[39m[0m
[  33% ] [90m[1msavepack[22m | 正在保存文件：res://assets/art/ui/terracotta_hud_v2/minimap_frame_v1.png.import[39m[0m
[  33% ] [90m[1msavepack[22m | 正在保存文件：res://.godot/imported/objective_event_panel_v1.png-519128fac0e2b7b46c928c70ff2441b9.ctex[39m[0m
[  33% ] [90m[1msavepack[22m | 正在保存文件：res://assets/art/ui/terracotta_hud_v2/objective_event_panel_v1.png.import[39m[0m
[  33% ] [90m[1msavepack[22m | 正在保存文件：res://.godot/imported/turn_status_bar_v1.png-c2cbe136cab1a33058e32fc6f996b7b9.ctex[39m[0m
[  33% ] [90m[1msavepack[22m | 正在保存文件：res://assets/art/ui/terracotta_hud_v2/turn_status_bar_v1.png.import[39m[0m
[  33% ] [90m[1msavepack[22m | 正在保存文件：res://.godot/imported/ui_decor_atlas_v1.png-64b22ffb994808a703c010cc9ac9d691.ctex[39m[0m
[  33% ] [90m[1msavepack[22m | 正在保存文件：res://assets/art/ui/terracotta_hud_v2/ui_decor_atlas_v1.png.import[39m[0m
[  34% ] [90m[1msavepack[22m | 正在保存文件：res://.godot/imported/unit_info_card_v1.png-d4df7cd61651bef6f2d6d3b3321e36c9.ctex[39m[0m
[  34% ] [90m[1msavepack[22m | 正在保存文件：res://assets/art/ui/terracotta_hud_v2/unit_info_card_v1.png.import[39m[0m
[  34% ] [90m[1msavepack[22m | 正在保存文件：res://.godot/imported/attack.svg-98303f0ff04809daa0ee69ef4424458f.ctex[39m[0m
[  34% ] [90m[1msavepack[22m | 正在保存文件：res://assets/art/ui/terracotta_metal/cursors/attack.svg.import[39m[0m
[  34% ] [90m[1msavepack[22m | 正在保存文件：res://.godot/imported/default.svg-375d9d413cbdcfb34bdfb54db5d4701e.ctex[39m[0m
[  34% ] [90m[1msavepack[22m | 正在保存文件：res://assets/art/ui/terracotta_metal/cursors/default.svg.import[39m[0m
[  34% ] [90m[1msavepack[22m | 正在保存文件：res://.godot/imported/forbidden.svg-9a1b1f9172289d9ee127bebf2ccafd06.ctex[39m[0m
[  34% ] [90m[1msavepack[22m | 正在保存文件：res://assets/art/ui/terracotta_metal/cursors/forbidden.svg.import[39m[0m
[  34% ] [90m[1msavepack[22m | 正在保存文件：res://.godot/imported/hover.svg-d3cf9251518680bcd6b3d814e430dead.ctex[39m[0m
[  34% ] [90m[1msavepack[22m | 正在保存文件：res://assets/art/ui/terracotta_metal/cursors/hover.svg.import[39m[0m
[  34% ] [90m[1msavepack[22m | 正在保存文件：res://.godot/imported/pan.svg-884c97aaaf4ea9b7b5844a020af32836.ctex[39m[0m
[  34% ] [90m[1msavepack[22m | 正在保存文件：res://assets/art/ui/terracotta_metal/cursors/pan.svg.import[39m[0m
[  34% ] [90m[1msavepack[22m | 正在保存文件：res://.godot/imported/select.svg-a51759f7071ab810af6fbc202789fa6b.ctex[39m[0m
[  34% ] [90m[1msavepack[22m | 正在保存文件：res://assets/art/ui/terracotta_metal/cursors/select.svg.import[39m[0m
[  35% ] [90m[1msavepack[22m | 正在保存文件：res://.godot/imported/loading_progress_arc_v1.svg-873d0b82fd6f298936d84698bb1bfaa8.ctex[39m[0m
[  35% ] [90m[1msavepack[22m | 正在保存文件：res://assets/art/ui/terracotta_metal/frames/loading_progress_arc_v1.svg.import[39m[0m
[  35% ] [90m[1msavepack[22m | 正在保存文件：res://.godot/imported/loading_progress_cursor_v1.svg-eadb7f0f9fc8ae6d1ec6606a4aef7d93.ctex[39m[0m
[  35% ] [90m[1msavepack[22m | 正在保存文件：res://assets/art/ui/terracotta_metal/frames/loading_progress_cursor_v1.svg.import[39m[0m
[  35% ] [90m[1msavepack[22m | 正在保存文件：res://.godot/imported/loading_progress_track_v1.svg-a71c8f52ed656ace2bd100e9d64ab609.ctex[39m[0m
[  35% ] [90m[1msavepack[22m | 正在保存文件：res://assets/art/ui/terracotta_metal/frames/loading_progress_track_v1.svg.import[39m[0m
[  35% ] [90m[1msavepack[22m | 正在保存文件：res://.godot/imported/attack.svg-d922a6db496b61684eb24c10abcbb800.ctex[39m[0m
[  35% ] [90m[1msavepack[22m | 正在保存文件：res://assets/art/ui/terracotta_metal/icons/actions/attack.svg.import[39m[0m
[  35% ] [90m[1msavepack[22m | 正在保存文件：res://.godot/imported/back.svg-6660edb57480613ce2199de2c39c3568.ctex[39m[0m
[  35% ] [90m[1msavepack[22m | 正在保存文件：res://assets/art/ui/terracotta_metal/icons/actions/back.svg.import[39m[0m
[  35% ] [90m[1msavepack[22m | 正在保存文件：res://.godot/imported/cancel.svg-a6b61735bc5d31a7bcd72bacda80f2b2.ctex[39m[0m
[  35% ] [90m[1msavepack[22m | 正在保存文件：res://assets/art/ui/terracotta_metal/icons/actions/cancel.svg.import[39m[0m
[  35% ] [90m[1msavepack[22m | 正在保存文件：res://.godot/imported/confirm.svg-ff94a603e9fd450c7a59800bbfc2add2.ctex[39m[0m
[  35% ] [90m[1msavepack[22m | 正在保存文件：res://assets/art/ui/terracotta_metal/icons/actions/confirm.svg.import[39m[0m
[  36% ] [90m[1msavepack[22m | 正在保存文件：res://.godot/imported/marker.svg-2aad4ae1d2a7aa312deb525256fd67bf.ctex[39m[0m
[  36% ] [90m[1msavepack[22m | 正在保存文件：res://assets/art/ui/terracotta_metal/icons/actions/marker.svg.import[39m[0m
[  36% ] [90m[1msavepack[22m | 正在保存文件：res://.godot/imported/move.svg-1eb0d92075c0c67b71d6e7e7303aacdb.ctex[39m[0m
[  36% ] [90m[1msavepack[22m | 正在保存文件：res://assets/art/ui/terracotta_metal/icons/actions/move.svg.import[39m[0m
[  36% ] [90m[1msavepack[22m | 正在保存文件：res://.godot/imported/repair.svg-e70a65e214a017100310d411d007f086.ctex[39m[0m
[  36% ] [90m[1msavepack[22m | 正在保存文件：res://assets/art/ui/terracotta_metal/icons/actions/repair.svg.import[39m[0m
[  36% ] [90m[1msavepack[22m | 正在保存文件：res://.godot/imported/skip.svg-0ab4fb723db64b8d8af494559541a3e6.ctex[39m[0m
[  36% ] [90m[1msavepack[22m | 正在保存文件：res://assets/art/ui/terracotta_metal/icons/actions/skip.svg.import[39m[0m
[  36% ] [90m[1msavepack[22m | 正在保存文件：res://.godot/imported/attack_point.svg-df4cda70dfe41723cefd4e524449fbc8.ctex[39m[0m
[  36% ] [90m[1msavepack[22m | 正在保存文件：res://assets/art/ui/terracotta_metal/icons/markers/attack_point.svg.import[39m[0m
[  36% ] [90m[1msavepack[22m | 正在保存文件：res://.godot/imported/defend_point.svg-8a05b6f536151eb2abf0d0701f905238.ctex[39m[0m
[  36% ] [90m[1msavepack[22m | 正在保存文件：res://assets/art/ui/terracotta_metal/icons/markers/defend_point.svg.import[39m[0m
[  36% ] [90m[1msavepack[22m | 正在保存文件：res://.godot/imported/flag.svg-641b31d1bb8b961f80a76b78eb058043.ctex[39m[0m
[  36% ] [90m[1msavepack[22m | 正在保存文件：res://assets/art/ui/terracotta_metal/icons/markers/flag.svg.import[39m[0m
[  37% ] [90m[1msavepack[22m | 正在保存文件：res://.godot/imported/question.svg-9aea869862fc340b8943d81cf90af3ec.ctex[39m[0m
[  37% ] [90m[1msavepack[22m | 正在保存文件：res://assets/art/ui/terracotta_metal/icons/markers/question.svg.import[39m[0m
[  37% ] [90m[1msavepack[22m | 正在保存文件：res://.godot/imported/warning.svg-e45a41edb13b09f3dca6d602204511c9.ctex[39m[0m
[  37% ] [90m[1msavepack[22m | 正在保存文件：res://assets/art/ui/terracotta_metal/icons/markers/warning.svg.import[39m[0m
[  37% ] [90m[1msavepack[22m | 正在保存文件：res://.godot/imported/waypoint.svg-3a69c4df91c15181832907b8731421b0.ctex[39m[0m
[  37% ] [90m[1msavepack[22m | 正在保存文件：res://assets/art/ui/terracotta_metal/icons/markers/waypoint.svg.import[39m[0m
[  37% ] [90m[1msavepack[22m | 正在保存文件：res://.godot/imported/cavalry.svg-6e7fa5d287c3d0028dd0de1866904a6d.ctex[39m[0m
[  37% ] [90m[1msavepack[22m | 正在保存文件：res://assets/art/ui/terracotta_metal/icons/roles/cavalry.svg.import[39m[0m
[  37% ] [90m[1msavepack[22m | 正在保存文件：res://.godot/imported/chariot.svg-4bda81f116ffb02fbf9ab34f516b9a0f.ctex[39m[0m
[  37% ] [90m[1msavepack[22m | 正在保存文件：res://assets/art/ui/terracotta_metal/icons/roles/chariot.svg.import[39m[0m
[  37% ] [90m[1msavepack[22m | 正在保存文件：res://.godot/imported/general.svg-11760fcdb290602fd9e3d170ee917eaf.ctex[39m[0m
[  37% ] [90m[1msavepack[22m | 正在保存文件：res://assets/art/ui/terracotta_metal/icons/roles/general.svg.import[39m[0m
[  37% ] [90m[1msavepack[22m | 正在保存文件：res://.godot/imported/guard.svg-0365f30216e522639888376ee3b4cb0f.ctex[39m[0m
[  37% ] [90m[1msavepack[22m | 正在保存文件：res://assets/art/ui/terracotta_metal/icons/roles/guard.svg.import[39m[0m
[  38% ] [90m[1msavepack[22m | 正在保存文件：res://.godot/imported/infantry.svg-a22dc0b6b3a13e5d994f6f2c8015781a.ctex[39m[0m
[  38% ] [90m[1msavepack[22m | 正在保存文件：res://assets/art/ui/terracotta_metal/icons/roles/infantry.svg.import[39m[0m
[  38% ] [90m[1msavepack[22m | 正在保存文件：res://.godot/imported/minister.svg-c91ccfc71ddf3cba0388f1b9a1230a7e.ctex[39m[0m
[  38% ] [90m[1msavepack[22m | 正在保存文件：res://assets/art/ui/terracotta_metal/icons/roles/minister.svg.import[39m[0m
[  38% ] [90m[1msavepack[22m | 正在保存文件：res://.godot/imported/trebuchet.svg-e21fb0675858f31319285c0d2910fe51.ctex[39m[0m
[  38% ] [90m[1msavepack[22m | 正在保存文件：res://assets/art/ui/terracotta_metal/icons/roles/trebuchet.svg.import[39m[0m
[  38% ] [90m[1msavepack[22m | 正在保存文件：res://.godot/imported/captured.svg-b1aaefc2a6b08d1795ac5729753eee68.ctex[39m[0m
[  38% ] [90m[1msavepack[22m | 正在保存文件：res://assets/art/ui/terracotta_metal/icons/status/captured.svg.import[39m[0m
[  38% ] [90m[1msavepack[22m | 正在保存文件：res://.godot/imported/damaged.svg-3488e472d2174634028671c036c24517.ctex[39m[0m
[  38% ] [90m[1msavepack[22m | 正在保存文件：res://assets/art/ui/terracotta_metal/icons/status/damaged.svg.import[39m[0m
[  38% ] [90m[1msavepack[22m | 正在保存文件：res://.godot/imported/hidden.svg-dff111bb76e263dfd8851b5abb4e1d4d.ctex[39m[0m
[  38% ] [90m[1msavepack[22m | 正在保存文件：res://assets/art/ui/terracotta_metal/icons/status/hidden.svg.import[39m[0m
[  38% ] [90m[1msavepack[22m | 正在保存文件：res://.godot/imported/locked.svg-f482eb299dd992ec77706bad02558ed3.ctex[39m[0m
[  38% ] [90m[1msavepack[22m | 正在保存文件：res://assets/art/ui/terracotta_metal/icons/status/locked.svg.import[39m[0m
[  39% ] [90m[1msavepack[22m | 正在保存文件：res://.godot/imported/repairing.svg-424c6cd1c32d42e932378e475773459a.ctex[39m[0m
[  39% ] [90m[1msavepack[22m | 正在保存文件：res://assets/art/ui/terracotta_metal/icons/status/repairing.svg.import[39m[0m
[  39% ] [90m[1msavepack[22m | 正在保存文件：res://.godot/imported/selected.svg-47a45f9fa486bb4b74aedb4bd318b9a9.ctex[39m[0m
[  39% ] [90m[1msavepack[22m | 正在保存文件：res://assets/art/ui/terracotta_metal/icons/status/selected.svg.import[39m[0m
[  39% ] [90m[1msavepack[22m | 正在保存文件：res://.godot/imported/turn.svg-9eca633f789dcbb571d483d38e9c2758.ctex[39m[0m
[  39% ] [90m[1msavepack[22m | 正在保存文件：res://assets/art/ui/terracotta_metal/icons/status/turn.svg.import[39m[0m
[  39% ] [90m[1msavepack[22m | 正在保存文件：res://.godot/imported/visible.svg-209b4f7628a96e823c996e44eb5178f5.ctex[39m[0m
[  39% ] [90m[1msavepack[22m | 正在保存文件：res://assets/art/ui/terracotta_metal/icons/status/visible.svg.import[39m[0m
[  39% ] [90m[1msavepack[22m | 正在保存文件：res://.godot/imported/close.svg-0992019539fe2f154f76733d4551bbbe.ctex[39m[0m
[  39% ] [90m[1msavepack[22m | 正在保存文件：res://assets/art/ui/terracotta_metal/icons/system/close.svg.import[39m[0m
[  39% ] [90m[1msavepack[22m | 正在保存文件：res://.godot/imported/help.svg-47ca3bed61e60acd0cb152f81ecbab98.ctex[39m[0m
[  39% ] [90m[1msavepack[22m | 正在保存文件：res://assets/art/ui/terracotta_metal/icons/system/help.svg.import[39m[0m
[  39% ] [90m[1msavepack[22m | 正在保存文件：res://.godot/imported/network.svg-8d1471e0317df402c54adbe69f3c45b6.ctex[39m[0m
[  39% ] [90m[1msavepack[22m | 正在保存文件：res://assets/art/ui/terracotta_metal/icons/system/network.svg.import[39m[0m
[  40% ] [90m[1msavepack[22m | 正在保存文件：res://.godot/imported/pause.svg-898bfd90b18de7c1ef4f6f8afdd4a5ec.ctex[39m[0m
[  40% ] [90m[1msavepack[22m | 正在保存文件：res://assets/art/ui/terracotta_metal/icons/system/pause.svg.import[39m[0m
[  40% ] [90m[1msavepack[22m | 正在保存文件：res://.godot/imported/play.svg-f62bc13b647ab479e186b125aba45a05.ctex[39m[0m
[  40% ] [90m[1msavepack[22m | 正在保存文件：res://assets/art/ui/terracotta_metal/icons/system/play.svg.import[39m[0m
[  40% ] [90m[1msavepack[22m | 正在保存文件：res://.godot/imported/reset.svg-e30b0771218ef8d57e49c5663f478a35.ctex[39m[0m
[  40% ] [90m[1msavepack[22m | 正在保存文件：res://assets/art/ui/terracotta_metal/icons/system/reset.svg.import[39m[0m
[  40% ] [90m[1msavepack[22m | 正在保存文件：res://.godot/imported/settings.svg-bad43f406af89c2cbc552a3ce594c7fc.ctex[39m[0m
[  40% ] [90m[1msavepack[22m | 正在保存文件：res://assets/art/ui/terracotta_metal/icons/system/settings.svg.import[39m[0m
[  40% ] [90m[1msavepack[22m | 正在保存文件：res://.godot/imported/cloud_thunder.svg-b338c6db833fd08b0f72f276238c8479.ctex[39m[0m
[  40% ] [90m[1msavepack[22m | 正在保存文件：res://assets/art/ui/terracotta_metal/patterns/cloud_thunder.svg.import[39m[0m
[  40% ] [90m[1msavepack[22m | 正在保存文件：res://.godot/imported/command_seal.svg-9e0e02514d2483f871d4a88588d14029.ctex[39m[0m
[  40% ] [90m[1msavepack[22m | 正在保存文件：res://assets/art/ui/terracotta_metal/patterns/command_seal.svg.import[39m[0m
[  40% ] [90m[1msavepack[22m | 正在保存文件：res://.godot/imported/hammered_noise.svg-1e91726254f1aed1721dfb4932dc2385.ctex[39m[0m
[  40% ] [90m[1msavepack[22m | 正在保存文件：res://assets/art/ui/terracotta_metal/patterns/hammered_noise.svg.import[39m[0m
[  41% ] [90m[1msavepack[22m | 正在保存文件：res://.godot/imported/qin_border.svg-c9830bd1ae39d5b37e046b3cee33e2f2.ctex[39m[0m
[  41% ] [90m[1msavepack[22m | 正在保存文件：res://assets/art/ui/terracotta_metal/patterns/qin_border.svg.import[39m[0m
[  41% ] [90m[1msavepack[22m | 正在保存文件：res://.godot/imported/tutorial_pause_button_v1.png-b23910bbe4b133a513cf8279c7c48889.ctex[39m[0m
[  41% ] [90m[1msavepack[22m | 正在保存文件：res://assets/art/ui/terracotta_pause_menu/tutorial_pause_button_v1.png.import[39m[0m
[  41% ] [90m[1msavepack[22m | 正在保存文件：res://.godot/imported/board_grid_9x24.svg-e7e149454c0987ddac3f7ffaccdebc4f.s3tc.ctex[39m[0m
[  41% ] [90m[1msavepack[22m | 正在保存文件：res://assets/dev/board_grid_9x24.svg.import[39m[0m
[  41% ] [90m[1msavepack[22m | 正在保存文件：res://.godot/imported/piece_placeholder_512x768.svg-99bb2588a21e6fffadb5f33b854f5504.s3tc.ctex[39m[0m
[  41% ] [90m[1msavepack[22m | 正在保存文件：res://assets/dev/piece_placeholder_512x768.svg.import[39m[0m
[  41% ] [90m[1msavepack[22m | 正在保存文件：res://.godot/imported/piece_soft_shadow.svg-24a9cf1824599be0d41e287420700943.s3tc.ctex[39m[0m
[  41% ] [90m[1msavepack[22m | 正在保存文件：res://assets/dev/piece_soft_shadow.svg.import[39m[0m
[  41% ] [90m[1msavepack[22m | 正在保存文件：res://.godot/imported/NotoSansSC-VariableFont_wght.ttf-f4e725418a33cce02f724592e5f87943.fontdata[39m[0m
[  41% ] [90m[1msavepack[22m | 正在保存文件：res://assets/fonts/noto_sans_sc/NotoSansSC-VariableFont_wght.ttf.import[39m[0m
[  41% ] [90m[1msavepack[22m | 正在保存文件：res://.godot/imported/QynFlavorGroteskAltCHS-Regular.ttf-88c352f8df5d0881263086441abb2ef3.fontdata[39m[0m
[  41% ] [90m[1msavepack[22m | 正在保存文件：res://assets/fonts/qyn_flavor_grotesk_alt_chs/QynFlavorGroteskAltCHS-Regular.ttf.import[39m[0m
[  42% ] [90m[1msavepack[22m | 正在保存文件：res://.godot/imported/ramega_zhang_qingping_xingshu.ttf-a7810bccb030509004aa34e1761d27a9.fontdata[39m[0m
[  42% ] [90m[1msavepack[22m | 正在保存文件：res://assets/fonts/ramega_zhang_qingping/ramega_zhang_qingping_xingshu.ttf.import[39m[0m
[  42% ] [90m[1msavepack[22m | 正在保存文件：res://assets/shaders/ui/gate_door_open.gdshader[39m[0m
[  42% ] [90m[1msavepack[22m | 正在保存文件：res://assets/shaders/ui/gate_fog_curtain.gdshader[39m[0m
[  42% ] [90m[1msavepack[22m | 正在保存文件：res://assets/shaders/ui/title_impact_mist.gdshader[39m[0m
[  42% ] [90m[1msavepack[22m | 正在保存文件：res://.godot/exported/133200997/export-19246414aa9fb561ced4b8dce477acec-default_bus_layout.res[39m[0m
[  42% ] [90m[1msavepack[22m | 正在保存文件：res://tools/ui/capture_ui_audit.gd[39m[0m
[  42% ] [90m[1msavepack[22m | 正在保存文件：res://tools/ui/capture_start_sequence.gd[39m[0m
[  43% ] [90m[1msavepack[22m | 正在保存文件：res://tools/art/capture_piece_art_test_3d.gd[39m[0m
[  43% ] [90m[1msavepack[22m | 正在保存文件：res://tools/art/capture_piece_art_test_2d.gd[39m[0m
[  43% ] [90m[1msavepack[22m | 正在保存文件：res://tests/prototype/network/test_lan_host_session.gd[39m[0m
[  43% ] [90m[1msavepack[22m | 正在保存文件：res://tests/prototype/capture_ui_snapshot.gd[39m[0m
[  43% ] [90m[1msavepack[22m | 正在保存文件：res://tests/prototype/run_ai_difficulty_seed_matrix.gd[39m[0m
[  43% ] [90m[1msavepack[22m | 正在保存文件：res://tests/prototype/run_ai_piece_diversity.gd[39m[0m
[  43% ] [90m[1msavepack[22m | 正在保存文件：res://tests/prototype/run_ai_strategy_state_eval.gd[39m[0m
[  44% ] [90m[1msavepack[22m | 正在保存文件：res://tests/prototype/run_ai_two_ply_belief.gd[39m[0m
[  44% ] [90m[1msavepack[22m | 正在保存文件：res://tests/prototype/run_all.gd[39m[0m
[  44% ] [90m[1msavepack[22m | 正在保存文件：res://tests/prototype/run_elephant_reveal.gd[39m[0m
[  44% ] [90m[1msavepack[22m | 正在保存文件：res://tests/prototype/run_move_rules.gd[39m[0m
[  44% ] [90m[1msavepack[22m | 正在保存文件：res://tests/prototype/run_owner_rule_revision_v4.gd[39m[0m
[  44% ] [90m[1msavepack[22m | 正在保存文件：res://tests/prototype/run_owner_rule_revision_v5.gd[39m[0m
[  44% ] [90m[1msavepack[22m | 正在保存文件：res://tests/prototype/run_playtest_graybox.gd[39m[0m
[  45% ] [90m[1msavepack[22m | 正在保存文件：res://tests/prototype/run_seeded_matches.gd[39m[0m
[  45% ] [90m[1msavepack[22m | 正在保存文件：res://tests/prototype/test_ai_difficulty_profiles.gd[39m[0m
[  45% ] [90m[1msavepack[22m | 正在保存文件：res://tests/prototype/test_ai_fairness.gd[39m[0m
[  45% ] [90m[1msavepack[22m | 正在保存文件：res://tests/prototype/test_ai_piece_diversity.gd[39m[0m
[  45% ] [90m[1msavepack[22m | 正在保存文件：res://tests/prototype/test_ai_two_ply_belief.gd[39m[0m
[  45% ] [90m[1msavepack[22m | 正在保存文件：res://tests/prototype/test_elephant_reveal.gd[39m[0m
[  45% ] [90m[1msavepack[22m | 正在保存文件：res://tests/prototype/test_match_state.gd[39m[0m
[  46% ] [90m[1msavepack[22m | 正在保存文件：res://tests/prototype/test_move_rules.gd[39m[0m
[  46% ] [90m[1msavepack[22m | 正在保存文件：res://tests/prototype/test_owner_rule_revision_v4.gd[39m[0m
[  46% ] [90m[1msavepack[22m | 正在保存文件：res://tests/prototype/test_owner_rule_revision_v5.gd[39m[0m
[  46% ] [90m[1msavepack[22m | 正在保存文件：res://tests/prototype/test_player_view.gd[39m[0m
[  46% ] [90m[1msavepack[22m | 正在保存文件：res://tests/prototype/test_prepared_action.gd[39m[0m
[  46% ] [90m[1msavepack[22m | 正在保存文件：res://tests/prototype/test_replay.gd[39m[0m
[  46% ] [90m[1msavepack[22m | 正在保存文件：res://tests/prototype/test_revision3_rules.gd[39m[0m
[  47% ] [90m[1msavepack[22m | 正在保存文件：res://tests/prototype/test_rules_core.gd[39m[0m
[  47% ] [90m[1msavepack[22m | 正在保存文件：res://tests/prototype/test_simulation.gd[39m[0m
[  47% ] [90m[1msavepack[22m | 正在保存文件：res://tests/prototype/verify_seeded_manifest.gd[39m[0m
[  47% ] [90m[1msavepack[22m | 正在保存文件：res://.godot/exported/133200997/export-157686ae52db88c829e257ec2bc7e91f-terracotta_battlefield_board_test_theme.res[39m[0m
[  47% ] [90m[1msavepack[22m | 正在保存文件：res://.godot/exported/133200997/export-10151646fe568938fe2b474acee8472b-match_hud_v2_terracotta_lab_theme.res[39m[0m
[  47% ] [90m[1msavepack[22m | 正在保存文件：res://.godot/exported/133200997/export-070526bd083251fc273847b1107ef388-ancient_battlefield_board_theme.res[39m[0m
[  47% ] [90m[1msavepack[22m | 正在保存文件：res://.godot/exported/133200997/export-d589b9a9e732e769afd358d19c3098c3-board_map_catalog.res[39m[0m
[  48% ] [90m[1msavepack[22m | 正在保存文件：res://.godot/exported/133200997/export-7c8cb241e7bd2e1df8eb52aad8e61d94-terracotta_battlefield_v3_map_option.res[39m[0m
[  48% ] [90m[1msavepack[22m | 正在保存文件：res://.godot/exported/133200997/export-acff5531348fda2a6bf3fe4561aace52-terracotta_grassland_pond_stream_v5_map_option.res[39m[0m
[  48% ] [90m[1msavepack[22m | 正在保存文件：res://.godot/exported/133200997/export-739db20545b48809f9e06cdddea625e6-level_catalog.res[39m[0m
[  48% ] [90m[1msavepack[22m | 正在保存文件：res://.godot/exported/133200997/export-a2d15b56213274aa0b1497c80a08b9e3-t0.res[39m[0m
[  48% ] [90m[1msavepack[22m | 正在保存文件：res://.godot/exported/133200997/export-4390d352a274a2344b45da3ed1eecb87-t1.res[39m[0m
[  48% ] [90m[1msavepack[22m | 正在保存文件：res://.godot/exported/133200997/export-be77add35f391782804a7c6d3ccac2f2-t2.res[39m[0m
[  48% ] [90m[1msavepack[22m | 正在保存文件：res://.godot/exported/133200997/export-18538df59cb67a8e33eba93eb2c72a9f-t3.res[39m[0m
[  49% ] [90m[1msavepack[22m | 正在保存文件：res://.godot/exported/133200997/export-9163f1a34fc1dbfe5b2d8f57a80d06a7-t4.res[39m[0m
[  49% ] [90m[1msavepack[22m | 正在保存文件：res://.godot/exported/133200997/export-af5be6a4d679384190b479f1dab0e19e-t5.res[39m[0m
[  49% ] [90m[1msavepack[22m | 正在保存文件：res://.godot/exported/133200997/export-a1baa2cf80a0ce0171dcef17f93494e9-t6.res[39m[0m
[  49% ] [90m[1msavepack[22m | 正在保存文件：res://.godot/exported/133200997/export-57b3cf77e0db3ebe3cadb4ea7db53819-t7.res[39m[0m
[  49% ] [90m[1msavepack[22m | 正在保存文件：res://.godot/exported/133200997/export-26af7023a617a5812062e8d52eadc694-t8.res[39m[0m
[  49% ] [90m[1msavepack[22m | 正在保存文件：res://.godot/exported/133200997/export-b8c17100f8a60d212ae5023468bb8f16-t9.res[39m[0m
[  49% ] [90m[1msavepack[22m | 正在保存文件：res://.godot/exported/133200997/export-07d45b228cc7c31850147af4b07b12e5-t10.res[39m[0m
[  50% ] [90m[1msavepack[22m | 正在保存文件：res://.godot/exported/133200997/export-13bec96faf7654c6749cea092ec01bfb-tutorial_smoke_authority.res[39m[0m
[  50% ] [90m[1msavepack[22m | 正在保存文件：res://.godot/exported/133200997/export-6ef79b012052b54c1d26a49b0d428505-t0.res[39m[0m
[  50% ] [90m[1msavepack[22m | 正在保存文件：res://.godot/exported/133200997/export-70233f4d1ae706eee0b4c807f99668e1-t1.res[39m[0m
[  50% ] [90m[1msavepack[22m | 正在保存文件：res://.godot/exported/133200997/export-9794e07895d384439a88247fa768972c-t2.res[39m[0m
[  50% ] [90m[1msavepack[22m | 正在保存文件：res://.godot/exported/133200997/export-28c996a2aafcdd250f2c2ac6d6e5b944-t3.res[39m[0m
[  50% ] [90m[1msavepack[22m | 正在保存文件：res://.godot/exported/133200997/export-1594174f94798f978b7466fb9d3fcbb2-t4.res[39m[0m
[  50% ] [90m[1msavepack[22m | 正在保存文件：res://.godot/exported/133200997/export-a0650505af610f7bd9ae078c940885a1-t5.res[39m[0m
[  51% ] [90m[1msavepack[22m | 正在保存文件：res://.godot/exported/133200997/export-2881a92065d38d489734700f56e85361-t6.res[39m[0m
[  51% ] [90m[1msavepack[22m | 正在保存文件：res://.godot/exported/133200997/export-b2e004292bf060114407adf003df0a7f-t7.res[39m[0m
[  51% ] [90m[1msavepack[22m | 正在保存文件：res://.godot/exported/133200997/export-973cc02b859044ac2ad476e85306569e-t8.res[39m[0m
[  51% ] [90m[1msavepack[22m | 正在保存文件：res://.godot/exported/133200997/export-cae9da4a3c23339120636415a3c53c9c-t9.res[39m[0m
[  51% ] [90m[1msavepack[22m | 正在保存文件：res://.godot/exported/133200997/export-f9d4117f2f31ace361ee50c6608099e3-t10.res[39m[0m
[  51% ] [90m[1msavepack[22m | 正在保存文件：res://.godot/exported/133200997/export-169491fcbd7a5ead13322909e5a661b1-tutorial_smoke_track.res[39m[0m
[  51% ] [90m[1msavepack[22m | 正在保存文件：res://.godot/exported/133200997/export-2fb0263daaaef293ea03ee842d606f44-noto_sans_sc_semibold.res[39m[0m
[  52% ] [90m[1msavepack[22m | 正在保存文件：res://resources/game/ui/layouts/veilfront_board_ui_layout_v2.json[39m[0m
[  52% ] [90m[1msavepack[22m | 正在保存文件：res://.godot/exported/133200997/export-91cfbf5f6cf3109b27244048ca767ac0-terracotta_ui_motion_profile.res[39m[0m
[  52% ] [90m[1msavepack[22m | 正在保存文件：res://.godot/exported/133200997/export-6ecc478f3c81aed26664345e1910d252-level_select_master_v2_theme.res[39m[0m
[  52% ] [90m[1msavepack[22m | 正在保存文件：res://.godot/exported/133200997/export-19101fea0a0b9415db6572cbe950b7f3-match_hud_v3_theme.res[39m[0m
[  52% ] [90m[1msavepack[22m | 正在保存文件：res://.godot/exported/133200997/export-62576e2209669deb091ece3f901dd3f2-terracotta_ui_theme.res[39m[0m
[  52% ] [90m[1msavepack[22m | 正在保存文件：res://.godot/exported/133200997/export-4a6d3b0098d2b34cc2142984865e7ac3-formal_graybox_theme.res[39m[0m
[  52% ] [90m[1msavepack[22m | 正在保存文件：res://.godot/exported/133200997/export-06cdd5c29132708c7828e78b9caa1527-start_prompt_font.res[39m[0m
[  53% ] [90m[1msavepack[22m | 正在保存文件：res://.godot/exported/133200997/export-c49574243fdae98ae78629eca6c42801-prototype_default_hypothesis.res[39m[0m
[  53% ] [90m[1msavepack[22m | 正在保存文件：res://.godot/exported/133200997/export-8e53ec0b3a7e93c329d4a2e72c945943-prototype_expert_tactical_hypothesis.res[39m[0m
[  53% ] [90m[1msavepack[22m | 正在保存文件：res://.godot/exported/133200997/export-965c40d0420835b7ff1467c4bbb912f8-prototype_high_budget_hypothesis.res[39m[0m
[  53% ] [90m[1msavepack[22m | 正在保存文件：res://.godot/exported/133200997/export-e3c2385a39943fb802975071897339ae-prototype_low_budget_hypothesis.res[39m[0m
[  53% ] [90m[1msavepack[22m | 正在保存文件：res://.godot/exported/133200997/export-116cc5b35501425034298d0997a45cc3-gate1_logic_lab_theme.res[39m[0m
[  53% ] [90m[1msavepack[22m | 正在保存文件：res://.godot/exported/133200997/export-5fc2a73238cd6d6b82564a76609bcac5-black_cavalry_piece_3d.scn[39m[0m
[  53% ] [90m[1msavepack[22m | 正在保存文件：res://.godot/exported/133200997/export-81f857a77b7c9e07e84cdeaa8b9a7d38-black_chariot_piece_3d.scn[39m[0m
[  54% ] [90m[1msavepack[22m | 正在保存文件：res://.godot/exported/133200997/export-803b74f1d691a986b500d2e43d581e79-black_general_piece_3d.scn[39m[0m
[  54% ] [90m[1msavepack[22m | 正在保存文件：res://.godot/exported/133200997/export-0caaea56d9ed23f1ba4fd4684919885e-black_guard_piece_3d.scn[39m[0m
[  54% ] [90m[1msavepack[22m | 正在保存文件：res://.godot/exported/133200997/export-6b410d3aff3c7b6d0b12381ddc67923d-black_infantry_piece_3d.scn[39m[0m
[  54% ] [90m[1msavepack[22m | 正在保存文件：res://.godot/exported/133200997/export-85541641d0fb99cf26d729651267cc8a-black_minister_piece_3d.scn[39m[0m
[  54% ] [90m[1msavepack[22m | 正在保存文件：res://.godot/exported/133200997/export-0fda091c7688d7e808057a2d83b6d199-black_trebuchet_piece_3d.scn[39m[0m
[  54% ] [90m[1msavepack[22m | 正在保存文件：res://.godot/exported/133200997/export-69e54f889b918a692e84119fee5d114f-red_cavalry_piece_3d.scn[39m[0m
[  54% ] [90m[1msavepack[22m | 正在保存文件：res://.godot/exported/133200997/export-29feeb8c96295d899ed99e1e2d1badb8-red_chariot_piece_3d.scn[39m[0m
[  55% ] [90m[1msavepack[22m | 正在保存文件：res://.godot/exported/133200997/export-1db6b7d95cc3f9c00b8a0dc3564dd347-red_general_piece_3d.scn[39m[0m
[  55% ] [90m[1msavepack[22m | 正在保存文件：res://.godot/exported/133200997/export-221801b03978d3e51c1a3e615eaf8877-red_guard_piece_3d.scn[39m[0m
[  55% ] [90m[1msavepack[22m | 正在保存文件：res://.godot/exported/133200997/export-a6669ce0a3a1b3bc3bc7a325c946caef-red_infantry_piece_3d.scn[39m[0m
[  55% ] [90m[1msavepack[22m | 正在保存文件：res://.godot/exported/133200997/export-43a672afbec8f369207e5d49a8951860-red_minister_piece_3d.scn[39m[0m
[  55% ] [90m[1msavepack[22m | 正在保存文件：res://.godot/exported/133200997/export-ebb83b3e70c7aaf48db194df4886b149-red_trebuchet_piece_3d.scn[39m[0m
[  55% ] [90m[1msavepack[22m | 正在保存文件：res://.godot/exported/133200997/export-eabbb775157df8f5aa27df2f4bb0d76e-black_cavalry_piece_2d.scn[39m[0m
[  55% ] [90m[1msavepack[22m | 正在保存文件：res://.godot/exported/133200997/export-74377357c20df75b3b3ede46949bec18-black_chariot_piece_2d.scn[39m[0m
[  56% ] [90m[1msavepack[22m | 正在保存文件：res://.godot/exported/133200997/export-ad45fbab8b047cf116b410e1f81b2cab-black_general_piece_2d.scn[39m[0m
[  56% ] [90m[1msavepack[22m | 正在保存文件：res://.godot/exported/133200997/export-1a66a237bce03d4ed4ce82d55c0469d9-black_guard_piece_2d.scn[39m[0m
[  56% ] [90m[1msavepack[22m | 正在保存文件：res://.godot/exported/133200997/export-36f104f873cc72ddcc9a7c90e511facc-black_infantry_piece_2d.scn[39m[0m
[  56% ] [90m[1msavepack[22m | 正在保存文件：res://.godot/exported/133200997/export-039f7663b321a77cc619a43eecb01319-black_minister_piece_2d.scn[39m[0m
[  56% ] [90m[1msavepack[22m | 正在保存文件：res://.godot/exported/133200997/export-5113987452d6da650dae1d562c5c04fc-black_trebuchet_piece_2d.scn[39m[0m
[  56% ] [90m[1msavepack[22m | 正在保存文件：res://.godot/exported/133200997/export-b4c95658683547a0a9bd4ac97525da89-red_cavalry_piece_2d.scn[39m[0m
[  56% ] [90m[1msavepack[22m | 正在保存文件：res://.godot/exported/133200997/export-6d5b2fb1392adb7e5b1f7c5b31cd46cd-red_chariot_piece_2d.scn[39m[0m
[  57% ] [90m[1msavepack[22m | 正在保存文件：res://.godot/exported/133200997/export-715b7b08d76220b3b4d61eb1cbaf0243-red_general_piece_2d.scn[39m[0m
[  57% ] [90m[1msavepack[22m | 正在保存文件：res://.godot/exported/133200997/export-2cadf2053c5fc04bbfaed584e2752767-red_guard_piece_2d.scn[39m[0m
[  57% ] [90m[1msavepack[22m | 正在保存文件：res://.godot/exported/133200997/export-1f1501f914e613a201f4abfad2af9a64-red_infantry_piece_2d.scn[39m[0m
[  57% ] [90m[1msavepack[22m | 正在保存文件：res://.godot/exported/133200997/export-91d9b5a5292d582183ffae3be91e37be-red_minister_piece_2d.scn[39m[0m
[  57% ] [90m[1msavepack[22m | 正在保存文件：res://.godot/exported/133200997/export-c55274a3f1946179d974ec3f8c8f0d5b-red_trebuchet_piece_2d.scn[39m[0m
[  57% ] [90m[1msavepack[22m | 正在保存文件：res://.godot/exported/133200997/export-96b0c5a1a3c813f4ce5b11ef9caf10d0-red_wall_plane_3d.scn[39m[0m
[  57% ] [90m[1msavepack[22m | 正在保存文件：res://.godot/exported/133200997/export-a497b13024830a70f9b384bd751258ba-piece_art_2d_base.scn[39m[0m
[  58% ] [90m[1msavepack[22m | 正在保存文件：res://.godot/exported/133200997/export-ce1d96b3c5c77e66c535f5733ec7b832-piece_art_test_2d.scn[39m[0m
[  58% ] [90m[1msavepack[22m | 正在保存文件：res://.godot/exported/133200997/export-51169d058799871ab6dd85b4313ca9cb-piece_art_test_3d.scn[39m[0m
[  58% ] [90m[1msavepack[22m | 正在保存文件：res://.godot/exported/133200997/export-db7c08fa2a3edae8ced90c622fc7f544-terracotta_battle_stage_3d.scn[39m[0m
[  58% ] [90m[1msavepack[22m | 正在保存文件：res://.godot/exported/133200997/export-0460be5bfafedf773e420c48b7aea208-fog_visual_overlay_lab.scn[39m[0m
[  58% ] [90m[1msavepack[22m | 正在保存文件：res://.godot/exported/133200997/export-7564bff169cb164e8be3af5dee78918f-level_gameplay_hud_lab.scn[39m[0m
[  58% ] [90m[1msavepack[22m | 正在保存文件：res://.godot/exported/133200997/export-c4581550b8fcb70a6a79f6c0bfed32fe-loading_transition_motion_lab.scn[39m[0m
[  58% ] [90m[1msavepack[22m | 正在保存文件：res://.godot/exported/133200997/export-a9a503576eb5a67d99d5a028231fd9ba-match_fog_visual_lab.scn[39m[0m
[  59% ] [90m[1msavepack[22m | 正在保存文件：res://.godot/exported/133200997/export-8f8b18ab1a40e359e8e9c756db9416da-match_hud_v2_interaction_lab.scn[39m[0m
[  59% ] [90m[1msavepack[22m | 正在保存文件：res://.godot/exported/133200997/export-2ac2cbfbedeb7f82f6d8268372eabe1a-match_hud_v3_layout_lab.scn[39m[0m
[  59% ] [90m[1msavepack[22m | 正在保存文件：res://.godot/exported/133200997/export-2bce1fd398437b72ca4e7b3d57c63d56-terracotta_match_piece_view.scn[39m[0m
[  59% ] [90m[1msavepack[22m | 正在保存文件：res://.godot/exported/133200997/export-4603a30a239478ac4a91ea31ec288bfb-turn_progress_incense_lab.scn[39m[0m
[  59% ] [90m[1msavepack[22m | 正在保存文件：res://.godot/exported/133200997/export-f62c0205b7f597d18424dc1919890eef-ui_button_motion_lab.scn[39m[0m
[  59% ] [90m[1msavepack[22m | 正在保存文件：res://.godot/exported/133200997/export-6082b0b0d621729708d78b700190ac60-ui_hud_v2_gallery.scn[39m[0m
[  59% ] [90m[1msavepack[22m | 正在保存文件：res://.godot/exported/133200997/export-9e2a5bedf05bcfcf379de077219a38f5-formal_lan_game_app.scn[39m[0m
[  60% ] [90m[1msavepack[22m | 正在保存文件：res://.godot/exported/133200997/export-17cf333651dc6c1db27dd463f5996e15-game_app.scn[39m[0m
[  60% ] [90m[1msavepack[22m | 正在保存文件：res://.godot/exported/133200997/export-0a9625e18c21962f9777487f51996fec-formal_lan_lobby.scn[39m[0m
[  60% ] [90m[1msavepack[22m | 正在保存文件：res://.godot/exported/133200997/export-377d34d42865208f6dd37ae1fd515767-level_card.scn[39m[0m
[  60% ] [90m[1msavepack[22m | 正在保存文件：res://.godot/exported/133200997/export-a799e3626d7e978e13770e794ceac70d-level_select.scn[39m[0m
[  60% ] [90m[1msavepack[22m | 正在保存文件：res://.godot/exported/133200997/export-46b0221c7a64f6dd90b5be3f5befa799-settings_screen.scn[39m[0m
[  60% ] [90m[1msavepack[22m | 正在保存文件：res://.godot/exported/133200997/export-07dd1215d3243880b791e5cc33237564-start_menu_overlay.scn[39m[0m
[  60% ] [90m[1msavepack[22m | 正在保存文件：res://.godot/exported/133200997/export-d8c85616402f4caf9ae3f928983d1a35-start_screen.scn[39m[0m
[  61% ] [90m[1msavepack[22m | 正在保存文件：res://.godot/exported/133200997/export-cfd0d23228916640ce35395ff824abab-board_viewport.scn[39m[0m
[  61% ] [90m[1msavepack[22m | 正在保存文件：res://.godot/exported/133200997/export-0352bbc72d618ad45fbc8265eaf64c51-board_world.scn[39m[0m
[  61% ] [90m[1msavepack[22m | 正在保存文件：res://.godot/exported/133200997/export-2990908705c0612e5eb0b3a9d5c4716c-capture_ghost_view.scn[39m[0m
[  61% ] [90m[1msavepack[22m | 正在保存文件：res://.godot/exported/133200997/export-38432b6ad79ae3a2d7deead040f15038-flag_view.scn[39m[0m
[  61% ] [90m[1msavepack[22m | 正在保存文件：res://.godot/exported/133200997/export-9e3e01b0102fa393314c91932643bcd9-fog_overlay.scn[39m[0m
[  61% ] [90m[1msavepack[22m | 正在保存文件：res://.godot/exported/133200997/export-e98df44ac245bae34dad9daaf81825c7-interaction_overlay.scn[39m[0m
[  61% ] [90m[1msavepack[22m | 正在保存文件：res://.godot/exported/133200997/export-c7de214afcdd2d3e950f932110deef1a-marker_overlay.scn[39m[0m
[  62% ] [90m[1msavepack[22m | 正在保存文件：res://.godot/exported/133200997/export-f8c7b9bbfd0d32ec1e5d33c9cc8ab7fb-piece_view.scn[39m[0m
[  62% ] [90m[1msavepack[22m | 正在保存文件：res://.godot/exported/133200997/export-be42d07924fa1b486824eef450f83a7f-tactical_overlay.scn[39m[0m
[  62% ] [90m[1msavepack[22m | 正在保存文件：res://.godot/exported/133200997/export-99384b3a5d43b27a45f1a989b88715e7-terracotta_piece_view.scn[39m[0m
[  62% ] [90m[1msavepack[22m | 正在保存文件：res://.godot/exported/133200997/export-a6b4ce2e2b349f454f52f9983f4996fd-wall_view.scn[39m[0m
[  62% ] [90m[1msavepack[22m | 正在保存文件：res://.godot/exported/133200997/export-d424b4e51568e39b076b005dd4b1d128-piece_3d.scn[39m[0m
[  62% ] [90m[1msavepack[22m | 正在保存文件：res://.godot/exported/133200997/export-59f2de83d56ab8610be61abe4e582b8f-match_screen.scn[39m[0m
[  62% ] [90m[1msavepack[22m | 正在保存文件：res://.godot/exported/133200997/export-750d7097f80504bb57cc821a62e935fb-online_match_screen.scn[39m[0m
[  63% ] [90m[1msavepack[22m | 正在保存文件：res://.godot/exported/133200997/export-c16d296f562edd1b62a4d96e08be9136-formal_lan_session.scn[39m[0m
[  63% ] [90m[1msavepack[22m | 正在保存文件：res://.godot/exported/133200997/export-f3aceabc70354ee5a8b13710f3da798d-battle_command_tent_background.scn[39m[0m
[  63% ] [90m[1msavepack[22m | 正在保存文件：res://.godot/exported/133200997/export-081191119148ed432d7f2250d7c56c04-tutorial_level.scn[39m[0m
[  63% ] [90m[1msavepack[22m | 正在保存文件：res://.godot/exported/133200997/export-6122638c38e5a2769fa61c5cd322be94-incense_turn_clock.scn[39m[0m
[  63% ] [90m[1msavepack[22m | 正在保存文件：res://.godot/exported/133200997/export-f225e389f21784e0f35bfa09bd45a997-level_guide_overlay.scn[39m[0m
[  63% ] [90m[1msavepack[22m | 正在保存文件：res://.godot/exported/133200997/export-0841b58ba63b5e970b1a21af0a40ac14-level_guide_panel.scn[39m[0m
[  63% ] [90m[1msavepack[22m | 正在保存文件：res://.godot/exported/133200997/export-61df86dafbd600c149c0abbb84d11c90-loading_transition_overlay.scn[39m[0m
[  64% ] [90m[1msavepack[22m | 正在保存文件：res://.godot/exported/133200997/export-fe2fedb8a66d4880224a21727e926ce5-marker_menu.scn[39m[0m
[  64% ] [90m[1msavepack[22m | 正在保存文件：res://.godot/exported/133200997/export-8145faa524c37c1c841d1e11deb7c3f7-match_header.scn[39m[0m
[  64% ] [90m[1msavepack[22m | 正在保存文件：res://.godot/exported/133200997/export-32673427f047a9de05cac5478a992366-match_hud_v2.scn[39m[0m
[  64% ] [90m[1msavepack[22m | 正在保存文件：res://.godot/exported/133200997/export-0a68d2071378c5d450709420481b1447-match_hud_v3.scn[39m[0m
[  64% ] [90m[1msavepack[22m | 正在保存文件：res://.godot/exported/133200997/export-bd904e70a05324aad00551ff94dafd9d-match_status_panel.scn[39m[0m
[  64% ] [90m[1msavepack[22m | 正在保存文件：res://.godot/exported/133200997/export-8fa20c869a667428fd9b8d881ac93515-piece_info_drawer.scn[39m[0m
[  64% ] [90m[1msavepack[22m | 正在保存文件：res://.godot/exported/133200997/export-1fe5bac57435b82db374edd5acb92012-scene_transition_controller.scn[39m[0m
[  65% ] [90m[1msavepack[22m | 正在保存文件：res://.godot/exported/133200997/export-aa027c4be47c420a0f0c2b6d9069494c-tactical_minimap.scn[39m[0m
[  65% ] [90m[1msavepack[22m | 正在保存文件：res://.godot/exported/133200997/export-38d47e18967c7e47b71c872b8b7a91a9-terminal_dialog.scn[39m[0m
[  65% ] [90m[1msavepack[22m | 正在保存文件：res://.godot/exported/133200997/export-3da942b2f663d802b185c000c986c99d-terracotta_modal_dialog.scn[39m[0m
[  65% ] [90m[1msavepack[22m | 正在保存文件：res://.godot/exported/133200997/export-0db6f999af59b6cdf3484e4f0b71bce4-turn_progress_incense.scn[39m[0m
[  65% ] [90m[1msavepack[22m | 正在保存文件：res://.godot/exported/133200997/export-15d622828a24b203cd8f9d6611eb96ff-tutorial_overlay.scn[39m[0m
[  65% ] [90m[1msavepack[22m | 正在保存文件：res://.godot/exported/133200997/export-a8bfcc1aad79a2dd3d6bfc320a0e1ea4-tutorial_pause_menu.scn[39m[0m
[  65% ] [90m[1msavepack[22m | 正在保存文件：res://.godot/exported/133200997/export-adc0c3fb2717d9c188043f4fdbd1cf75-ui_motion_button.scn[39m[0m
[  66% ] [90m[1msavepack[22m | 正在保存文件：res://.godot/exported/133200997/export-ff752cde8072c307272e038efb00f8e2-lan_lobby.scn[39m[0m
[  66% ] [90m[1msavepack[22m | 正在保存文件：res://.godot/exported/133200997/export-0064944b844081d4acca9f73274f7def-lan_network_session.scn[39m[0m
[  66% ] [90m[1msavepack[22m | 正在保存文件：res://.godot/exported/133200997/export-69615dcc9cff7c7b7bc6e4bef0a0e50b-board_shell.scn[39m[0m
[  66% ] [90m[1msavepack[22m | 正在保存文件：res://.godot/exported/133200997/export-d2bf77478a806ed03eec869691684924-gate1_logic_lab.scn[39m[0m
[  66% ] [90m[1msavepack[22m | 正在保存文件：res://.godot/exported/133200997/export-76be0e0f2edd0b80e3846296864a8309-match_controller.scn[39m[0m
[  66% ] [90m[1msavepack[22m | 正在保存文件：res://.godot/exported/133200997/export-166c8404c4333a24898d0f3e0174c9e7-status_shell.scn[39m[0m
[  66% ] [90m[1msavepack[22m | 正在保存文件：res://scripts/dev/art/capture_piece_art_stage.gd[39m[0m
[  66% ] [90m[1msavepack[22m | 正在保存文件：res://scripts/dev/art/chroma_key_round_tokens.gd[39m[0m
[  66% ] [90m[1msavepack[22m | 正在保存文件：res://scripts/dev/art/chroma_key_ui_assets.gd[39m[0m
[  66% ] [90m[1msavepack[22m | 正在保存文件：res://scripts/dev/art/piece_art_test_2d_camera.gd[39m[0m
[  66% ] [90m[1msavepack[22m | 正在保存文件：res://scripts/dev/art/piece_art_test_camera_rig.gd[39m[0m
[  66% ] [90m[1msavepack[22m | 正在保存文件：res://scripts/dev/art/wall_plane_sample_3d.gd[39m[0m
[  66% ] [90m[1msavepack[22m | 正在保存文件：res://scripts/dev/ui/fog_visual_overlay_lab.gd[39m[0m
[  67% ] [90m[1msavepack[22m | 正在保存文件：res://scripts/dev/ui/generate_terracotta_ui_vectors.gd[39m[0m
[  67% ] [90m[1msavepack[22m | 正在保存文件：res://scripts/dev/ui/level_gameplay_hud_lab.gd[39m[0m
[  67% ] [90m[1msavepack[22m | 正在保存文件：res://scripts/dev/ui/loading_transition_motion_lab.gd[39m[0m
[  67% ] [90m[1msavepack[22m | 正在保存文件：res://scripts/dev/ui/match_fog_visual_lab.gd[39m[0m
[  67% ] [90m[1msavepack[22m | 正在保存文件：res://scripts/dev/ui/match_hud_v2_interaction_lab.gd[39m[0m
[  67% ] [90m[1msavepack[22m | 正在保存文件：res://scripts/dev/ui/match_hud_v3_layout_lab.gd[39m[0m
[  67% ] [90m[1msavepack[22m | 正在保存文件：res://scripts/dev/ui/process_settings_chroma_assets.gd[39m[0m
[  68% ] [90m[1msavepack[22m | 正在保存文件：res://scripts/dev/ui/terracotta_match_piece_view.gd[39m[0m
[  68% ] [90m[1msavepack[22m | 正在保存文件：res://scripts/dev/ui/turn_progress_incense_lab.gd[39m[0m
[  68% ] [90m[1msavepack[22m | 正在保存文件：res://scripts/dev/ui/ui_button_motion_lab.gd[39m[0m
[  68% ] [90m[1msavepack[22m | 正在保存文件：res://scripts/dev/ui/ui_hud_v2_gallery.gd[39m[0m
[  68% ] [90m[1msavepack[22m | 正在保存文件：res://scripts/game/application/application_host.gd[39m[0m
[  68% ] [90m[1msavepack[22m | 正在保存文件：res://scripts/game/application/formal_lan_game_app.gd[39m[0m
[  68% ] [90m[1msavepack[22m | 正在保存文件：res://scripts/game/application/formal_lan_session.gd[39m[0m
[  69% ] [90m[1msavepack[22m | 正在保存文件：res://scripts/game/application/formal_local_session.gd[39m[0m
[  69% ] [90m[1msavepack[22m | 正在保存文件：res://scripts/game/application/formal_match_application.gd[39m[0m
[  69% ] [90m[1msavepack[22m | 正在保存文件：res://scripts/game/application/observer_replay_validator.gd[39m[0m
[  69% ] [90m[1msavepack[22m | 正在保存文件：res://scripts/game/application/tutorial_scenario_definition.gd[39m[0m
[  69% ] [90m[1msavepack[22m | 正在保存文件：res://scripts/game/contracts/action_preview_codec.gd[39m[0m
[  69% ] [90m[1msavepack[22m | 正在保存文件：res://scripts/game/contracts/formal_lan_protocol.gd[39m[0m
[  69% ] [90m[1msavepack[22m | 正在保存文件：res://scripts/game/contracts/observer_codec_support.gd[39m[0m
[  70% ] [90m[1msavepack[22m | 正在保存文件：res://scripts/game/contracts/player_view_codec.gd[39m[0m
[  70% ] [90m[1msavepack[22m | 正在保存文件：res://scripts/game/contracts/visible_error_codec.gd[39m[0m
[  70% ] [90m[1msavepack[22m | 正在保存文件：res://scripts/game/contracts/visible_event_codec.gd[39m[0m
[  70% ] [90m[1msavepack[22m | 正在保存文件：res://scripts/game/domain/authoritative_replay.gd[39m[0m
[  70% ] [90m[1msavepack[22m | 正在保存文件：res://scripts/game/domain/canonical.gd[39m[0m
[  70% ] [90m[1msavepack[22m | 正在保存文件：res://scripts/game/domain/domain_event_codec.gd[39m[0m
[  70% ] [90m[1msavepack[22m | 正在保存文件：res://scripts/game/domain/full_state_codec.gd[39m[0m
[  71% ] [90m[1msavepack[22m | 正在保存文件：res://scripts/game/domain/match_state.gd[39m[0m
[  71% ] [90m[1msavepack[22m | 正在保存文件：res://scripts/game/domain/move_rules.gd[39m[0m
[  71% ] [90m[1msavepack[22m | 正在保存文件：res://scripts/game/domain/normalized_intent_codec.gd[39m[0m
[  71% ] [90m[1msavepack[22m | 正在保存文件：res://scripts/game/domain/rule_engine.gd[39m[0m
[  71% ] [90m[1msavepack[22m | 正在保存文件：res://scripts/game/domain/scenario_bootstrap.gd[39m[0m
[  71% ] [90m[1msavepack[22m | 正在保存文件：res://scripts/game/domain/seeded_random.gd[39m[0m
[  71% ] [90m[1msavepack[22m | 正在保存文件：res://scripts/game/domain/tutorial_effect_applier.gd[39m[0m
[  72% ] [90m[1msavepack[22m | 正在保存文件：res://scripts/game/domain/visibility_policy.gd[39m[0m
[  72% ] [90m[1msavepack[22m | 正在保存文件：res://scripts/game/frontend/formal_lan_lobby.gd[39m[0m
[  72% ] [90m[1msavepack[22m | 正在保存文件：res://scripts/game/frontend/level_card.gd[39m[0m
[  72% ] [90m[1msavepack[22m | 正在保存文件：res://scripts/game/frontend/level_catalog.gd[39m[0m
[  72% ] [90m[1msavepack[22m | 正在保存文件：res://scripts/game/frontend/level_definition.gd[39m[0m
[  72% ] [90m[1msavepack[22m | 正在保存文件：res://scripts/game/frontend/level_select.gd[39m[0m
[  72% ] [90m[1msavepack[22m | 正在保存文件：res://scripts/game/frontend/settings_screen.gd[39m[0m
[  73% ] [90m[1msavepack[22m | 正在保存文件：res://scripts/game/frontend/start_menu_overlay.gd[39m[0m
[  73% ] [90m[1msavepack[22m | 正在保存文件：res://scripts/game/frontend/start_screen.gd[39m[0m
[  73% ] [90m[1msavepack[22m | 正在保存文件：res://scripts/game/ports/formal_lan_client_port.gd[39m[0m
[  73% ] [90m[1msavepack[22m | 正在保存文件：res://scripts/game/ports/formal_match_client_port.gd[39m[0m
[  73% ] [90m[1msavepack[22m | 正在保存文件：res://scripts/game/ports/match_client_port.gd[39m[0m
[  73% ] [90m[1msavepack[22m | 正在保存文件：res://scripts/game/presentation/board/board_coordinate_mapper.gd[39m[0m
[  73% ] [90m[1msavepack[22m | 正在保存文件：res://scripts/game/presentation/board/board_input_surface.gd[39m[0m
[  74% ] [90m[1msavepack[22m | 正在保存文件：res://scripts/game/presentation/board/board_map_catalog.gd[39m[0m
[  74% ] [90m[1msavepack[22m | 正在保存文件：res://scripts/game/presentation/board/board_map_option.gd[39m[0m
[  74% ] [90m[1msavepack[22m | 正在保存文件：res://scripts/game/presentation/board/board_theme.gd[39m[0m
[  74% ] [90m[1msavepack[22m | 正在保存文件：res://scripts/game/presentation/board/board_viewport_controller.gd[39m[0m
[  74% ] [90m[1msavepack[22m | 正在保存文件：res://scripts/game/presentation/board/board_world.gd[39m[0m
[  74% ] [90m[1msavepack[22m | 正在保存文件：res://scripts/game/presentation/board/capture_ghost_renderer.gd[39m[0m
[  74% ] [90m[1msavepack[22m | 正在保存文件：res://scripts/game/presentation/board/flag_renderer.gd[39m[0m
[  75% ] [90m[1msavepack[22m | 正在保存文件：res://scripts/game/presentation/board/flag_view.gd[39m[0m
[  75% ] [90m[1msavepack[22m | 正在保存文件：res://scripts/game/presentation/board/fog_overlay.gd[39m[0m
[  75% ] [90m[1msavepack[22m | 正在保存文件：res://scripts/game/presentation/board/grid_renderer.gd[39m[0m
[  75% ] [90m[1msavepack[22m | 正在保存文件：res://scripts/game/presentation/board/interaction_overlay.gd[39m[0m
[  75% ] [90m[1msavepack[22m | 正在保存文件：res://scripts/game/presentation/board/marker_overlay.gd[39m[0m
[  75% ] [90m[1msavepack[22m | 正在保存文件：res://scripts/game/presentation/board/piece_renderer.gd[39m[0m
[  75% ] [90m[1msavepack[22m | 正在保存文件：res://scripts/game/presentation/board/tactical_overlay.gd[39m[0m
[  76% ] [90m[1msavepack[22m | 正在保存文件：res://scripts/game/presentation/board/terracotta_piece_view.gd[39m[0m
[  76% ] [90m[1msavepack[22m | 正在保存文件：res://scripts/game/presentation/board/wall_renderer.gd[39m[0m
[  76% ] [90m[1msavepack[22m | 正在保存文件：res://scripts/game/presentation/board/wall_view.gd[39m[0m
[  76% ] [90m[1msavepack[22m | 正在保存文件：res://scripts/game/presentation/ui/incense_turn_clock.gd[39m[0m
[  76% ] [90m[1msavepack[22m | 正在保存文件：res://scripts/game/presentation/ui/level_guide_panel.gd[39m[0m
[  76% ] [90m[1msavepack[22m | 正在保存文件：res://scripts/game/presentation/ui/loading_transition_overlay.gd[39m[0m
[  76% ] [90m[1msavepack[22m | 正在保存文件：res://scripts/game/presentation/ui/match_hud_layout.gd[39m[0m
[  77% ] [90m[1msavepack[22m | 正在保存文件：res://scripts/game/presentation/ui/match_hud_v3_layout.gd[39m[0m
[  77% ] [90m[1msavepack[22m | 正在保存文件：res://scripts/game/presentation/ui/match_terminal_dialog.gd[39m[0m
[  77% ] [90m[1msavepack[22m | 正在保存文件：res://scripts/game/presentation/ui/piece_info_drawer.gd[39m[0m
[  77% ] [90m[1msavepack[22m | 正在保存文件：res://scripts/game/presentation/ui/scene_transition_controller.gd[39m[0m
[  77% ] [90m[1msavepack[22m | 正在保存文件：res://scripts/game/presentation/ui/tactical_minimap.gd[39m[0m
[  77% ] [90m[1msavepack[22m | 正在保存文件：res://scripts/game/presentation/ui/terracotta_modal_dialog.gd[39m[0m
[  77% ] [90m[1msavepack[22m | 正在保存文件：res://scripts/game/presentation/ui/turn_progress_incense.gd[39m[0m
[  78% ] [90m[1msavepack[22m | 正在保存文件：res://scripts/game/presentation/ui/ui_motion_button.gd[39m[0m
[  78% ] [90m[1msavepack[22m | 正在保存文件：res://scripts/game/presentation/ui/ui_motion_profile.gd[39m[0m
[  78% ] [90m[1msavepack[22m | 正在保存文件：res://scripts/game/presentation/marker_menu.gd[39m[0m
[  78% ] [90m[1msavepack[22m | 正在保存文件：res://scripts/game/presentation/match_screen.gd[39m[0m
[  78% ] [90m[1msavepack[22m | 正在保存文件：res://scripts/game/presentation/match_screen_presenter.gd[39m[0m
[  78% ] [90m[1msavepack[22m | 正在保存文件：res://scripts/game/projection/observer_projector.gd[39m[0m
[  78% ] [90m[1msavepack[22m | 正在保存文件：res://scripts/game/projection/public_action_previewer.gd[39m[0m
[  79% ] [90m[1msavepack[22m | 正在保存文件：res://scripts/game/projection/viewer_context.gd[39m[0m
[  79% ] [90m[1msavepack[22m | 正在保存文件：res://scripts/game/projection/visible_outcome_projector.gd[39m[0m
[  79% ] [90m[1msavepack[22m | 正在保存文件：res://scripts/game/settings/settings_manager.gd[39m[0m
[  79% ] [90m[1msavepack[22m | 正在保存文件：res://scripts/game/tutorial/level_guide_overlay.gd[39m[0m
[  79% ] [90m[1msavepack[22m | 正在保存文件：res://scripts/game/tutorial/tutorial_chapter_catalog.gd[39m[0m
[  79% ] [90m[1msavepack[22m | 正在保存文件：res://scripts/game/tutorial/tutorial_director.gd[39m[0m
[  79% ] [90m[1msavepack[22m | 正在保存文件：res://scripts/game/tutorial/tutorial_level.gd[39m[0m
[  80% ] [90m[1msavepack[22m | 正在保存文件：res://scripts/game/tutorial/tutorial_overlay.gd[39m[0m
[  80% ] [90m[1msavepack[22m | 正在保存文件：res://scripts/game/tutorial/tutorial_pause_menu.gd[39m[0m
[  80% ] [90m[1msavepack[22m | 正在保存文件：res://scripts/game/tutorial/tutorial_presentation_track.gd[39m[0m
[  80% ] [90m[1msavepack[22m | 正在保存文件：res://scripts/game/tutorial/tutorial_session_policy.gd[39m[0m
[  80% ] [90m[1msavepack[22m | 正在保存文件：res://scripts/integration/frontend_routes.gd[39m[0m
[  80% ] [90m[1msavepack[22m | 正在保存文件：res://scripts/prototype/ai/ai_belief_model.gd[39m[0m
[  80% ] [90m[1msavepack[22m | 正在保存文件：res://scripts/prototype/ai/ai_canonical.gd[39m[0m
[  81% ] [90m[1msavepack[22m | 正在保存文件：res://scripts/prototype/ai/ai_decision_engine.gd[39m[0m
[  81% ] [90m[1msavepack[22m | 正在保存文件：res://scripts/prototype/ai/ai_difficulty_config.gd[39m[0m
[  81% ] [90m[1msavepack[22m | 正在保存文件：res://scripts/prototype/ai/ai_memory.gd[39m[0m
[  81% ] [90m[1msavepack[22m | 正在保存文件：res://scripts/prototype/ai/ai_player_view.gd[39m[0m
[  81% ] [90m[1msavepack[22m | 正在保存文件：res://scripts/prototype/ai/ai_public_rules.gd[39m[0m
[  81% ] [90m[1msavepack[22m | 正在保存文件：res://scripts/prototype/ai/ai_seed_deriver.gd[39m[0m
[  81% ] [90m[1msavepack[22m | 正在保存文件：res://scripts/prototype/ai/ai_two_ply_search.gd[39m[0m
[  82% ] [90m[1msavepack[22m | 正在保存文件：res://scripts/prototype/ai/ai_visible_state_evaluator.gd[39m[0m
[  82% ] [90m[1msavepack[22m | 正在保存文件：res://scripts/prototype/ai/ai_visible_tactical_evaluator.gd[39m[0m
[  82% ] [90m[1msavepack[22m | 正在保存文件：res://scripts/prototype/core/canonical.gd[39m[0m
[  82% ] [90m[1msavepack[22m | 正在保存文件：res://scripts/prototype/core/match_state.gd[39m[0m
[  82% ] [90m[1msavepack[22m | 正在保存文件：res://scripts/prototype/core/move_rules.gd[39m[0m
[  82% ] [90m[1msavepack[22m | 正在保存文件：res://scripts/prototype/core/rule_engine.gd[39m[0m
[  82% ] [90m[1msavepack[22m | 正在保存文件：res://scripts/prototype/core/seeded_random.gd[39m[0m
[  83% ] [90m[1msavepack[22m | 正在保存文件：res://scripts/prototype/network/lan_host_session.gd[39m[0m
[  83% ] [90m[1msavepack[22m | 正在保存文件：res://scripts/prototype/network/lan_lobby.gd[39m[0m
[  83% ] [90m[1msavepack[22m | 正在保存文件：res://scripts/prototype/network/lan_network_session.gd[39m[0m
[  83% ] [90m[1msavepack[22m | 正在保存文件：res://scripts/prototype/network/lan_protocol.gd[39m[0m
[  83% ] [90m[1msavepack[22m | 正在保存文件：res://scripts/prototype/replay/replay_runner.gd[39m[0m
[  83% ] [90m[1msavepack[22m | 正在保存文件：res://scripts/prototype/simulation/match_simulator.gd[39m[0m
[  83% ] [90m[1msavepack[22m | 正在保存文件：res://scripts/prototype/view/player_view_projector.gd[39m[0m
[  84% ] [90m[1msavepack[22m | 正在保存文件：res://scripts/prototype/board_surface.gd[39m[0m
[  84% ] [90m[1msavepack[22m | 正在保存文件：res://scripts/prototype/gate1_logic_lab.gd[39m[0m
[  84% ] [90m[1msavepack[22m | 正在保存文件：res://scripts/prototype/match_controller.gd[39m[0m
[  84% ] [90m[1msavepack[22m | 正在保存文件：res://shaders/dev/fog_of_war_lab.gdshader[39m[0m
[  84% ] [90m[1msavepack[22m | 正在保存文件：res://shaders/game/fog_of_war.gdshader[39m[0m
[  84% ] [90m[1msavepack[22m | 正在保存文件：res://tests/game/application/run_turn_timeout_authority_contract.gd[39m[0m
[  84% ] [90m[1msavepack[22m | 正在保存文件：res://tests/game/architecture/check_dependency_boundaries.gd[39m[0m
[  85% ] [90m[1msavepack[22m | 正在保存文件：res://tests/game/architecture/run_formal_architecture_checks.gd[39m[0m
[  85% ] [90m[1msavepack[22m | 正在保存文件：res://tests/game/architecture/test_dependency_boundaries.gd[39m[0m
[  85% ] [90m[1msavepack[22m | 正在保存文件：res://tests/game/challenge/run_challenge_test_entry_contract.gd[39m[0m
[  85% ] [90m[1msavepack[22m | 正在保存文件：res://tests/game/contracts/fixtures/black_player_view_minimal_v1.json[39m[0m
[  85% ] [90m[1msavepack[22m | 正在保存文件：res://tests/game/contracts/fixtures/red_player_view_minimal_v1.json[39m[0m
[  85% ] [90m[1msavepack[22m | 正在保存文件：res://tests/game/contracts/fixture_match_client_port.gd[39m[0m
[  85% ] [90m[1msavepack[22m | 正在保存文件：res://tests/game/contracts/run_hidden_equivalence.gd[39m[0m
[  86% ] [90m[1msavepack[22m | 正在保存文件：res://tests/game/contracts/run_observer_contract_checks.gd[39m[0m
[  86% ] [90m[1msavepack[22m | 正在保存文件：res://tests/game/contracts/test_observer_codec_allow_lists.gd[39m[0m
[  86% ] [90m[1msavepack[22m | 正在保存文件：res://tests/game/frontend/capture_level_select_ui_preview.gd[39m[0m
[  86% ] [90m[1msavepack[22m | 正在保存文件：res://tests/game/frontend/capture_settings_ui_preview.gd[39m[0m
[  86% ] [90m[1msavepack[22m | 正在保存文件：res://tests/game/frontend/capture_start_menu_preview.gd[39m[0m
[  86% ] [90m[1msavepack[22m | 正在保存文件：res://tests/game/frontend/run_frontend_intro_contract.gd[39m[0m
[  86% ] [90m[1msavepack[22m | 正在保存文件：res://tests/game/frontend/run_frontend_scene_smoke.gd[39m[0m
[  87% ] [90m[1msavepack[22m | 正在保存文件：res://tests/game/frontend/run_level_select_ui_contract.gd[39m[0m
[  87% ] [90m[1msavepack[22m | 正在保存文件：res://tests/game/frontend/run_settings_screen_contract.gd[39m[0m
[  87% ] [90m[1msavepack[22m | 正在保存文件：res://tests/game/frontend/run_start_screen_routing_contract.gd[39m[0m
[  87% ] [90m[1msavepack[22m | 正在保存文件：res://tests/game/migration/golden/gate1-successor-20-seeds-v1.json[39m[0m
[  87% ] [90m[1msavepack[22m | 正在保存文件：res://tests/game/migration/golden/gate1-successor-20-seeds-v2.json[39m[0m
[  87% ] [90m[1msavepack[22m | 正在保存文件：res://tests/game/migration/golden/gate1-successor-20-seeds-v3.json[39m[0m
[  87% ] [90m[1msavepack[22m | 正在保存文件：res://tests/game/migration/capture_gate1_golden.gd[39m[0m
[  88% ] [90m[1msavepack[22m | 正在保存文件：res://tests/game/migration/gate1_channel_capture.gd[39m[0m
[  88% ] [90m[1msavepack[22m | 正在保存文件：res://tests/game/migration/run_gate1_formal_equivalence.gd[39m[0m
[  88% ] [90m[1msavepack[22m | 正在保存文件：res://tests/game/migration/run_observer_live_frame_contract.gd[39m[0m
[  88% ] [90m[1msavepack[22m | 正在保存文件：res://tests/game/migration/run_source_preview_independence_contract.gd[39m[0m
[  88% ] [90m[1msavepack[22m | 正在保存文件：res://tests/game/migration/source_channel_mapper.gd[39m[0m
[  88% ] [90m[1msavepack[22m | 正在保存文件：res://tests/game/network/run_formal_lan_full_stack_loopback.gd[39m[0m
[  88% ] [90m[1msavepack[22m | 正在保存文件：res://tests/game/network/run_formal_lan_network_integration.gd[39m[0m
[  89% ] [90m[1msavepack[22m | 正在保存文件：res://tests/game/network/run_formal_lan_public_state_fail_closed_contract.gd[39m[0m
[  89% ] [90m[1msavepack[22m | 正在保存文件：res://tests/game/network/run_formal_lan_security_recovery_contract.gd[39m[0m
[  89% ] [90m[1msavepack[22m | 正在保存文件：res://tests/game/presentation/capture_incense_hud_preview.gd[39m[0m
[  89% ] [90m[1msavepack[22m | 正在保存文件：res://tests/game/presentation/capture_marker_ui_preview.gd[39m[0m
[  89% ] [90m[1msavepack[22m | 正在保存文件：res://tests/game/presentation/run_board_camera_layer_contract.gd[39m[0m
[  89% ] [90m[1msavepack[22m | 正在保存文件：res://tests/game/presentation/run_board_layout_contract.gd[39m[0m
[  89% ] [90m[1msavepack[22m | 正在保存文件：res://tests/game/presentation/run_board_map_catalog_contract.gd[39m[0m
[  90% ] [90m[1msavepack[22m | 正在保存文件：res://tests/game/presentation/run_board_observer_fixture.gd[39m[0m
[  90% ] [90m[1msavepack[22m | 正在保存文件：res://tests/game/presentation/run_flag_art_contract.gd[39m[0m
[  90% ] [90m[1msavepack[22m | 正在保存文件：res://tests/game/presentation/run_formal_board_art_input_contract.gd[39m[0m
[  90% ] [90m[1msavepack[22m | 正在保存文件：res://tests/game/presentation/run_formal_fog_visual_contract.gd[39m[0m
[  90% ] [90m[1msavepack[22m | 正在保存文件：res://tests/game/presentation/run_piece_art_camera_navigation_contract.gd[39m[0m
[  90% ] [90m[1msavepack[22m | 正在保存文件：res://tests/game/presentation/run_piece_art_test_2d_contract.gd[39m[0m
[  90% ] [90m[1msavepack[22m | 正在保存文件：res://tests/game/presentation/run_piece_art_test_3d_contract.gd[39m[0m
[  91% ] [90m[1msavepack[22m | 正在保存文件：res://tests/game/presentation/run_piece_tween_animation_contract.gd[39m[0m
[  91% ] [90m[1msavepack[22m | 正在保存文件：res://tests/game/presentation/run_purple_chroma_asset_contract.gd[39m[0m
[  91% ] [90m[1msavepack[22m | 正在保存文件：res://tests/game/presentation/run_round_token_asset_contract.gd[39m[0m
[  91% ] [90m[1msavepack[22m | 正在保存文件：res://tests/game/presentation/run_turn_camera_visibility_contract.gd[39m[0m
[  91% ] [90m[1msavepack[22m | 正在保存文件：res://tests/game/presentation/run_wall_art_contract.gd[39m[0m
[  91% ] [90m[1msavepack[22m | 正在保存文件：res://tests/game/scenes/run_formal_scene_smoke.gd[39m[0m
[  91% ] [90m[1msavepack[22m | 正在保存文件：res://tests/game/scenes/run_tutorial_initial_session_smoke.gd[39m[0m
[  92% ] [90m[1msavepack[22m | 正在保存文件：res://tests/game/scenes/run_tutorial_shell_smoke.gd[39m[0m
[  92% ] [90m[1msavepack[22m | 正在保存文件：res://tests/game/settings/run_settings_manager_contract.gd[39m[0m
[  92% ] [90m[1msavepack[22m | 正在保存文件：res://tests/game/tutorial/run_all_tutorial_flows.gd[39m[0m
[  92% ] [90m[1msavepack[22m | 正在保存文件：res://tests/game/tutorial/run_board_hover_coordinate_contract.gd[39m[0m
[  92% ] [90m[1msavepack[22m | 正在保存文件：res://tests/game/tutorial/run_challenge_terminal_flow.gd[39m[0m
[  92% ] [90m[1msavepack[22m | 正在保存文件：res://tests/game/tutorial/run_tutorial_board_visual_contract.gd[39m[0m
[  92% ] [90m[1msavepack[22m | 正在保存文件：res://tests/game/tutorial/run_tutorial_chapter_content_contract.gd[39m[0m
[  93% ] [90m[1msavepack[22m | 正在保存文件：res://tests/game/tutorial/run_tutorial_completion_failure_contract.gd[39m[0m
[  93% ] [90m[1msavepack[22m | 正在保存文件：res://tests/game/tutorial/run_tutorial_first_action_contract.gd[39m[0m
[  93% ] [90m[1msavepack[22m | 正在保存文件：res://tests/game/tutorial/run_tutorial_fixed_effect_contract.gd[39m[0m
[  93% ] [90m[1msavepack[22m | 正在保存文件：res://tests/game/tutorial/run_tutorial_hint_escalation_contract.gd[39m[0m
[  93% ] [90m[1msavepack[22m | 正在保存文件：res://tests/game/tutorial/run_tutorial_input_guard_contract.gd[39m[0m
[  93% ] [90m[1msavepack[22m | 正在保存文件：res://tests/game/tutorial/run_tutorial_layout_contract.gd[39m[0m
[  93% ] [90m[1msavepack[22m | 正在保存文件：res://tests/game/tutorial/run_tutorial_level_routing_contract.gd[39m[0m
[  94% ] [90m[1msavepack[22m | 正在保存文件：res://tests/game/tutorial/run_tutorial_match_interaction_contract.gd[39m[0m
[  94% ] [90m[1msavepack[22m | 正在保存文件：res://tests/game/tutorial/run_tutorial_navigation_contract.gd[39m[0m
[  94% ] [90m[1msavepack[22m | 正在保存文件：res://tests/game/tutorial/run_tutorial_overlay_action_contract.gd[39m[0m
[  94% ] [90m[1msavepack[22m | 正在保存文件：res://tests/game/tutorial/run_tutorial_pause_menu_contract.gd[39m[0m
[  94% ] [90m[1msavepack[22m | 正在保存文件：res://tests/game/tutorial/run_tutorial_progress_contract.gd[39m[0m
[  94% ] [90m[1msavepack[22m | 正在保存文件：res://tests/game/tutorial/run_tutorial_restart_contract.gd[39m[0m
[  94% ] [90m[1msavepack[22m | 正在保存文件：res://tests/game/tutorial/run_tutorial_rule_boundary_contract.gd[39m[0m
[  95% ] [90m[1msavepack[22m | 正在保存文件：res://tests/game/tutorial/run_tutorial_t0_flow_contract.gd[39m[0m
[  95% ] [90m[1msavepack[22m | 正在保存文件：res://tests/game/tutorial/run_tutorial_t1_flow_contract.gd[39m[0m
[  95% ] [90m[1msavepack[22m | 正在保存文件：res://tests/game/tutorial/run_tutorial_visual_capture.gd[39m[0m
[  95% ] [90m[1msavepack[22m | 正在保存文件：res://tests/game/ui/capture_loading_transition_motion_lab.gd[39m[0m
[  95% ] [90m[1msavepack[22m | 正在保存文件：res://tests/game/ui/capture_terminal_dialog_preview.gd[39m[0m
[  95% ] [90m[1msavepack[22m | 正在保存文件：res://tests/game/ui/run_formal_lan_lobby_contract.gd[39m[0m
[  95% ] [90m[1msavepack[22m | 正在保存文件：res://tests/game/ui/run_incense_turn_clock_contract.gd[39m[0m
[  96% ] [90m[1msavepack[22m | 正在保存文件：res://tests/game/ui/run_level_gameplay_hud_lab_contract.gd[39m[0m
[  96% ] [90m[1msavepack[22m | 正在保存文件：res://tests/game/ui/run_loading_transition_motion_lab_contract.gd[39m[0m
[  96% ] [90m[1msavepack[22m | 正在保存文件：res://tests/game/ui/run_match_fog_visual_lab.gd[39m[0m
[  96% ] [90m[1msavepack[22m | 正在保存文件：res://tests/game/ui/run_match_hud_v2_contract.gd[39m[0m
[  96% ] [90m[1msavepack[22m | 正在保存文件：res://tests/game/ui/run_match_hud_v2_lab_scene_layout_contract.gd[39m[0m
[  96% ] [90m[1msavepack[22m | 正在保存文件：res://tests/game/ui/run_match_hud_v2_terracotta_art_contract.gd[39m[0m
[  96% ] [90m[1msavepack[22m | 正在保存文件：res://tests/game/ui/run_match_hud_v3_layout_lab_contract.gd[39m[0m
[  97% ] [90m[1msavepack[22m | 正在保存文件：res://tests/game/ui/run_online_match_hud_v3_contract.gd[39m[0m
[  97% ] [90m[1msavepack[22m | 正在保存文件：res://tests/game/ui/run_scene_transition_controller_contract.gd[39m[0m
[  97% ] [90m[1msavepack[22m | 正在保存文件：res://tests/game/ui/run_system_dialog_theme_contract.gd[39m[0m
[  97% ] [90m[1msavepack[22m | 正在保存文件：res://tests/game/ui/run_terminal_dialog_contract.gd[39m[0m
[  97% ] [90m[1msavepack[22m | 正在保存文件：res://tests/game/ui/run_terracotta_ui_theme_contract.gd[39m[0m
[  97% ] [90m[1msavepack[22m | 正在保存文件：res://tests/game/ui/run_turn_progress_incense_contract.gd[39m[0m
[  97% ] [90m[1msavepack[22m | 正在保存文件：res://tests/game/ui/run_ui_motion_lab_contract.gd[39m[0m
[  98% ] [90m[1msavepack[22m | 正在保存文件：res://tests/game/ui/run_ui_static_theme_contract.gd[39m[0m
[  98% ] [90m[1msavepack[22m | 正在保存文件：res://tests/prototype/network/capture_lan_lobby_preview.gd[39m[0m
[  98% ] [90m[1msavepack[22m | 正在保存文件：res://tests/prototype/network/run_lan_host_session.gd[39m[0m
[  98% ] [90m[1msavepack[22m | 正在保存文件：res://tests/prototype/network/run_lan_lobby_scene.gd[39m[0m
[  98% ] [90m[1msavepack[22m | 正在保存文件：res://tests/prototype/network/run_lan_network_integration.gd[39m[0m
[  98% ] [90m[1msavepack[22m | 正在保存文件：res://tests/prototype/network/run_lan_terracotta_piece_visual_contract.gd[39m[0m
[  98% ] [90m[1msavepack[22m | 正在保存文件：res://default_bus_layout.tres.remap[39m[0m
[  98% ] [90m[1msavepack[22m | 正在保存文件：res://resources/dev/art/terracotta_battlefield_board_test_theme.tres.remap[39m[0m
[  98% ] [90m[1msavepack[22m | 正在保存文件：res://resources/dev/ui/match_hud_v2_terracotta_lab_theme.tres.remap[39m[0m
[  98% ] [90m[1msavepack[22m | 正在保存文件：res://resources/game/content/boards/ancient_battlefield_board_theme.tres.remap[39m[0m
[  98% ] [90m[1msavepack[22m | 正在保存文件：res://resources/game/content/boards/board_map_catalog.tres.remap[39m[0m
[  98% ] [90m[1msavepack[22m | 正在保存文件：res://resources/game/content/boards/terracotta_battlefield_v3_map_option.tres.remap[39m[0m
[  98% ] [90m[1msavepack[22m | 正在保存文件：res://resources/game/content/boards/terracotta_grassland_pond_stream_v5_map_option.tres.remap[39m[0m
[  98% ] [90m[1msavepack[22m | 正在保存文件：res://resources/game/levels/level_catalog.tres.remap[39m[0m
[  98% ] [90m[1msavepack[22m | 正在保存文件：res://resources/game/tutorials/authority/t0.tres.remap[39m[0m
[  98% ] [90m[1msavepack[22m | 正在保存文件：res://resources/game/tutorials/authority/t1.tres.remap[39m[0m
[  98% ] [90m[1msavepack[22m | 正在保存文件：res://resources/game/tutorials/authority/t2.tres.remap[39m[0m
[  98% ] [90m[1msavepack[22m | 正在保存文件：res://resources/game/tutorials/authority/t3.tres.remap[39m[0m
[  98% ] [90m[1msavepack[22m | 正在保存文件：res://resources/game/tutorials/authority/t4.tres.remap[39m[0m
[  98% ] [90m[1msavepack[22m | 正在保存文件：res://resources/game/tutorials/authority/t5.tres.remap[39m[0m
[  98% ] [90m[1msavepack[22m | 正在保存文件：res://resources/game/tutorials/authority/t6.tres.remap[39m[0m
[  98% ] [90m[1msavepack[22m | 正在保存文件：res://resources/game/tutorials/authority/t7.tres.remap[39m[0m
[  98% ] [90m[1msavepack[22m | 正在保存文件：res://resources/game/tutorials/authority/t8.tres.remap[39m[0m
[  98% ] [90m[1msavepack[22m | 正在保存文件：res://resources/game/tutorials/authority/t9.tres.remap[39m[0m
[  98% ] [90m[1msavepack[22m | 正在保存文件：res://resources/game/tutorials/authority/t10.tres.remap[39m[0m
[  98% ] [90m[1msavepack[22m | 正在保存文件：res://resources/game/tutorials/authority/tutorial_smoke_authority.tres.remap[39m[0m
[  98% ] [90m[1msavepack[22m | 正在保存文件：res://resources/game/tutorials/presentation/t0.tres.remap[39m[0m
[  98% ] [90m[1msavepack[22m | 正在保存文件：res://resources/game/tutorials/presentation/t1.tres.remap[39m[0m
[  98% ] [90m[1msavepack[22m | 正在保存文件：res://resources/game/tutorials/presentation/t2.tres.remap[39m[0m
[  98% ] [90m[1msavepack[22m | 正在保存文件：res://resources/game/tutorials/presentation/t3.tres.remap[39m[0m
[  98% ] [90m[1msavepack[22m | 正在保存文件：res://resources/game/tutorials/presentation/t4.tres.remap[39m[0m
[  98% ] [90m[1msavepack[22m | 正在保存文件：res://resources/game/tutorials/presentation/t5.tres.remap[39m[0m
[  98% ] [90m[1msavepack[22m | 正在保存文件：res://resources/game/tutorials/presentation/t6.tres.remap[39m[0m
[  98% ] [90m[1msavepack[22m | 正在保存文件：res://resources/game/tutorials/presentation/t7.tres.remap[39m[0m
[  98% ] [90m[1msavepack[22m | 正在保存文件：res://resources/game/tutorials/presentation/t8.tres.remap[39m[0m
[  98% ] [90m[1msavepack[22m | 正在保存文件：res://resources/game/tutorials/presentation/t9.tres.remap[39m[0m
[  98% ] [90m[1msavepack[22m | 正在保存文件：res://resources/game/tutorials/presentation/t10.tres.remap[39m[0m
[  98% ] [90m[1msavepack[22m | 正在保存文件：res://resources/game/tutorials/presentation/tutorial_smoke_track.tres.remap[39m[0m
[  98% ] [90m[1msavepack[22m | 正在保存文件：res://resources/game/ui/fonts/noto_sans_sc_semibold.tres.remap[39m[0m
[  98% ] [90m[1msavepack[22m | 正在保存文件：res://resources/game/ui/motion/terracotta_ui_motion_profile.tres.remap[39m[0m
[  98% ] [90m[1msavepack[22m | 正在保存文件：res://resources/game/ui/themes/level_select_master_v2_theme.tres.remap[39m[0m
[  98% ] [90m[1msavepack[22m | 正在保存文件：res://resources/game/ui/themes/match_hud_v3_theme.tres.remap[39m[0m
[  98% ] [90m[1msavepack[22m | 正在保存文件：res://resources/game/ui/themes/terracotta_ui_theme.tres.remap[39m[0m
[  98% ] [90m[1msavepack[22m | 正在保存文件：res://resources/game/ui/formal_graybox_theme.tres.remap[39m[0m
[  98% ] [90m[1msavepack[22m | 正在保存文件：res://resources/game/ui/start_prompt_font.tres.remap[39m[0m
[  98% ] [90m[1msavepack[22m | 正在保存文件：res://resources/prototype/ai/prototype_default_hypothesis.tres.remap[39m[0m
[  98% ] [90m[1msavepack[22m | 正在保存文件：res://resources/prototype/ai/prototype_expert_tactical_hypothesis.tres.remap[39m[0m
[  98% ] [90m[1msavepack[22m | 正在保存文件：res://resources/prototype/ai/prototype_high_budget_hypothesis.tres.remap[39m[0m
[  98% ] [90m[1msavepack[22m | 正在保存文件：res://resources/prototype/ai/prototype_low_budget_hypothesis.tres.remap[39m[0m
[  98% ] [90m[1msavepack[22m | 正在保存文件：res://resources/prototype/gate1_logic_lab_theme.tres.remap[39m[0m
[  98% ] [90m[1msavepack[22m | 正在保存文件：res://scenes/dev/art/terracotta_warriors/pieces/black_cavalry_piece_3d.tscn.remap[39m[0m
[  98% ] [90m[1msavepack[22m | 正在保存文件：res://scenes/dev/art/terracotta_warriors/pieces/black_chariot_piece_3d.tscn.remap[39m[0m
[  98% ] [90m[1msavepack[22m | 正在保存文件：res://scenes/dev/art/terracotta_warriors/pieces/black_general_piece_3d.tscn.remap[39m[0m
[  98% ] [90m[1msavepack[22m | 正在保存文件：res://scenes/dev/art/terracotta_warriors/pieces/black_guard_piece_3d.tscn.remap[39m[0m
[  98% ] [90m[1msavepack[22m | 正在保存文件：res://scenes/dev/art/terracotta_warriors/pieces/black_infantry_piece_3d.tscn.remap[39m[0m
[  98% ] [90m[1msavepack[22m | 正在保存文件：res://scenes/dev/art/terracotta_warriors/pieces/black_minister_piece_3d.tscn.remap[39m[0m
[  98% ] [90m[1msavepack[22m | 正在保存文件：res://scenes/dev/art/terracotta_warriors/pieces/black_trebuchet_piece_3d.tscn.remap[39m[0m
[  98% ] [90m[1msavepack[22m | 正在保存文件：res://scenes/dev/art/terracotta_warriors/pieces/red_cavalry_piece_3d.tscn.remap[39m[0m
[  98% ] [90m[1msavepack[22m | 正在保存文件：res://scenes/dev/art/terracotta_warriors/pieces/red_chariot_piece_3d.tscn.remap[39m[0m
[  98% ] [90m[1msavepack[22m | 正在保存文件：res://scenes/dev/art/terracotta_warriors/pieces/red_general_piece_3d.tscn.remap[39m[0m
[  98% ] [90m[1msavepack[22m | 正在保存文件：res://scenes/dev/art/terracotta_warriors/pieces/red_guard_piece_3d.tscn.remap[39m[0m
[  98% ] [90m[1msavepack[22m | 正在保存文件：res://scenes/dev/art/terracotta_warriors/pieces/red_infantry_piece_3d.tscn.remap[39m[0m
[  98% ] [90m[1msavepack[22m | 正在保存文件：res://scenes/dev/art/terracotta_warriors/pieces/red_minister_piece_3d.tscn.remap[39m[0m
[  98% ] [90m[1msavepack[22m | 正在保存文件：res://scenes/dev/art/terracotta_warriors/pieces/red_trebuchet_piece_3d.tscn.remap[39m[0m
[  98% ] [90m[1msavepack[22m | 正在保存文件：res://scenes/dev/art/terracotta_warriors/pieces_2d/black_cavalry_piece_2d.tscn.remap[39m[0m
[  98% ] [90m[1msavepack[22m | 正在保存文件：res://scenes/dev/art/terracotta_warriors/pieces_2d/black_chariot_piece_2d.tscn.remap[39m[0m
[  98% ] [90m[1msavepack[22m | 正在保存文件：res://scenes/dev/art/terracotta_warriors/pieces_2d/black_general_piece_2d.tscn.remap[39m[0m
[  98% ] [90m[1msavepack[22m | 正在保存文件：res://scenes/dev/art/terracotta_warriors/pieces_2d/black_guard_piece_2d.tscn.remap[39m[0m
[  98% ] [90m[1msavepack[22m | 正在保存文件：res://scenes/dev/art/terracotta_warriors/pieces_2d/black_infantry_piece_2d.tscn.remap[39m[0m
[  98% ] [90m[1msavepack[22m | 正在保存文件：res://scenes/dev/art/terracotta_warriors/pieces_2d/black_minister_piece_2d.tscn.remap[39m[0m
[  98% ] [90m[1msavepack[22m | 正在保存文件：res://scenes/dev/art/terracotta_warriors/pieces_2d/black_trebuchet_piece_2d.tscn.remap[39m[0m
[  98% ] [90m[1msavepack[22m | 正在保存文件：res://scenes/dev/art/terracotta_warriors/pieces_2d/red_cavalry_piece_2d.tscn.remap[39m[0m
[  98% ] [90m[1msavepack[22m | 正在保存文件：res://scenes/dev/art/terracotta_warriors/pieces_2d/red_chariot_piece_2d.tscn.remap[39m[0m
[  98% ] [90m[1msavepack[22m | 正在保存文件：res://scenes/dev/art/terracotta_warriors/pieces_2d/red_general_piece_2d.tscn.remap[39m[0m
[  98% ] [90m[1msavepack[22m | 正在保存文件：res://scenes/dev/art/terracotta_warriors/pieces_2d/red_guard_piece_2d.tscn.remap[39m[0m
[  98% ] [90m[1msavepack[22m | 正在保存文件：res://scenes/dev/art/terracotta_warriors/pieces_2d/red_infantry_piece_2d.tscn.remap[39m[0m
[  98% ] [90m[1msavepack[22m | 正在保存文件：res://scenes/dev/art/terracotta_warriors/pieces_2d/red_minister_piece_2d.tscn.remap[39m[0m
[  98% ] [90m[1msavepack[22m | 正在保存文件：res://scenes/dev/art/terracotta_warriors/pieces_2d/red_trebuchet_piece_2d.tscn.remap[39m[0m
[  98% ] [90m[1msavepack[22m | 正在保存文件：res://scenes/dev/art/terracotta_warriors/walls/red_wall_plane_3d.tscn.remap[39m[0m
[  98% ] [90m[1msavepack[22m | 正在保存文件：res://scenes/dev/art/terracotta_warriors/piece_art_2d_base.tscn.remap[39m[0m
[  98% ] [90m[1msavepack[22m | 正在保存文件：res://scenes/dev/art/piece_art_test_2d.tscn.remap[39m[0m
[  98% ] [90m[1msavepack[22m | 正在保存文件：res://scenes/dev/art/piece_art_test_3d.tscn.remap[39m[0m
[  98% ] [90m[1msavepack[22m | 正在保存文件：res://scenes/dev/art/terracotta_battle_stage_3d.tscn.remap[39m[0m
[  98% ] [90m[1msavepack[22m | 正在保存文件：res://scenes/dev/ui/fog_visual_overlay_lab.tscn.remap[39m[0m
[  98% ] [90m[1msavepack[22m | 正在保存文件：res://scenes/dev/ui/level_gameplay_hud_lab.tscn.remap[39m[0m
[  98% ] [90m[1msavepack[22m | 正在保存文件：res://scenes/dev/ui/loading_transition_motion_lab.tscn.remap[39m[0m
[  98% ] [90m[1msavepack[22m | 正在保存文件：res://scenes/dev/ui/match_fog_visual_lab.tscn.remap[39m[0m
[  98% ] [90m[1msavepack[22m | 正在保存文件：res://scenes/dev/ui/match_hud_v2_interaction_lab.tscn.remap[39m[0m
[  98% ] [90m[1msavepack[22m | 正在保存文件：res://scenes/dev/ui/match_hud_v3_layout_lab.tscn.remap[39m[0m
[  98% ] [90m[1msavepack[22m | 正在保存文件：res://scenes/dev/ui/terracotta_match_piece_view.tscn.remap[39m[0m
[  98% ] [90m[1msavepack[22m | 正在保存文件：res://scenes/dev/ui/turn_progress_incense_lab.tscn.remap[39m[0m
[  98% ] [90m[1msavepack[22m | 正在保存文件：res://scenes/dev/ui/ui_button_motion_lab.tscn.remap[39m[0m
[  98% ] [90m[1msavepack[22m | 正在保存文件：res://scenes/dev/ui/ui_hud_v2_gallery.tscn.remap[39m[0m
[  98% ] [90m[1msavepack[22m | 正在保存文件：res://scenes/game/app/formal_lan_game_app.tscn.remap[39m[0m
[  98% ] [90m[1msavepack[22m | 正在保存文件：res://scenes/game/app/game_app.tscn.remap[39m[0m
[  98% ] [90m[1msavepack[22m | 正在保存文件：res://scenes/game/frontend/formal_lan_lobby.tscn.remap[39m[0m
[  98% ] [90m[1msavepack[22m | 正在保存文件：res://scenes/game/frontend/level_card.tscn.remap[39m[0m
[  98% ] [90m[1msavepack[22m | 正在保存文件：res://scenes/game/frontend/level_select.tscn.remap[39m[0m
[  98% ] [90m[1msavepack[22m | 正在保存文件：res://scenes/game/frontend/settings_screen.tscn.remap[39m[0m
[  98% ] [90m[1msavepack[22m | 正在保存文件：res://scenes/game/frontend/start_menu_overlay.tscn.remap[39m[0m
[  98% ] [90m[1msavepack[22m | 正在保存文件：res://scenes/game/frontend/start_screen.tscn.remap[39m[0m
[  98% ] [90m[1msavepack[22m | 正在保存文件：res://scenes/game/match/board/board_viewport.tscn.remap[39m[0m
[  98% ] [90m[1msavepack[22m | 正在保存文件：res://scenes/game/match/board/board_world.tscn.remap[39m[0m
[  98% ] [90m[1msavepack[22m | 正在保存文件：res://scenes/game/match/board/capture_ghost_view.tscn.remap[39m[0m
[  98% ] [90m[1msavepack[22m | 正在保存文件：res://scenes/game/match/board/flag_view.tscn.remap[39m[0m
[  98% ] [90m[1msavepack[22m | 正在保存文件：res://scenes/game/match/board/fog_overlay.tscn.remap[39m[0m
[  98% ] [90m[1msavepack[22m | 正在保存文件：res://scenes/game/match/board/interaction_overlay.tscn.remap[39m[0m
[  98% ] [90m[1msavepack[22m | 正在保存文件：res://scenes/game/match/board/marker_overlay.tscn.remap[39m[0m
[  98% ] [90m[1msavepack[22m | 正在保存文件：res://scenes/game/match/board/piece_view.tscn.remap[39m[0m
[  98% ] [90m[1msavepack[22m | 正在保存文件：res://scenes/game/match/board/tactical_overlay.tscn.remap[39m[0m
[  98% ] [90m[1msavepack[22m | 正在保存文件：res://scenes/game/match/board/terracotta_piece_view.tscn.remap[39m[0m
[  98% ] [90m[1msavepack[22m | 正在保存文件：res://scenes/game/match/board/wall_view.tscn.remap[39m[0m
[  98% ] [90m[1msavepack[22m | 正在保存文件：res://scenes/game/match/board_3d/piece_3d.tscn.remap[39m[0m
[  98% ] [90m[1msavepack[22m | 正在保存文件：res://scenes/game/match/match_screen.tscn.remap[39m[0m
[  98% ] [90m[1msavepack[22m | 正在保存文件：res://scenes/game/match/online_match_screen.tscn.remap[39m[0m
[  98% ] [90m[1msavepack[22m | 正在保存文件：res://scenes/game/network/formal_lan_session.tscn.remap[39m[0m
[  98% ] [90m[1msavepack[22m | 正在保存文件：res://scenes/game/presentation/battle_command_tent_background.tscn.remap[39m[0m
[  98% ] [90m[1msavepack[22m | 正在保存文件：res://scenes/game/tutorial/tutorial_level.tscn.remap[39m[0m
[  98% ] [90m[1msavepack[22m | 正在保存文件：res://scenes/game/ui/incense_turn_clock.tscn.remap[39m[0m
[  98% ] [90m[1msavepack[22m | 正在保存文件：res://scenes/game/ui/level_guide_overlay.tscn.remap[39m[0m
[  98% ] [90m[1msavepack[22m | 正在保存文件：res://scenes/game/ui/level_guide_panel.tscn.remap[39m[0m
[  98% ] [90m[1msavepack[22m | 正在保存文件：res://scenes/game/ui/loading_transition_overlay.tscn.remap[39m[0m
[  98% ] [90m[1msavepack[22m | 正在保存文件：res://scenes/game/ui/marker_menu.tscn.remap[39m[0m
[  98% ] [90m[1msavepack[22m | 正在保存文件：res://scenes/game/ui/match_header.tscn.remap[39m[0m
[  98% ] [90m[1msavepack[22m | 正在保存文件：res://scenes/game/ui/match_hud_v2.tscn.remap[39m[0m
[  98% ] [90m[1msavepack[22m | 正在保存文件：res://scenes/game/ui/match_hud_v3.tscn.remap[39m[0m
[  98% ] [90m[1msavepack[22m | 正在保存文件：res://scenes/game/ui/match_status_panel.tscn.remap[39m[0m
[  98% ] [90m[1msavepack[22m | 正在保存文件：res://scenes/game/ui/piece_info_drawer.tscn.remap[39m[0m
[  98% ] [90m[1msavepack[22m | 正在保存文件：res://scenes/game/ui/scene_transition_controller.tscn.remap[39m[0m
[  98% ] [90m[1msavepack[22m | 正在保存文件：res://scenes/game/ui/tactical_minimap.tscn.remap[39m[0m
[  98% ] [90m[1msavepack[22m | 正在保存文件：res://scenes/game/ui/terminal_dialog.tscn.remap[39m[0m
[  98% ] [90m[1msavepack[22m | 正在保存文件：res://scenes/game/ui/terracotta_modal_dialog.tscn.remap[39m[0m
[  98% ] [90m[1msavepack[22m | 正在保存文件：res://scenes/game/ui/turn_progress_incense.tscn.remap[39m[0m
[  98% ] [90m[1msavepack[22m | 正在保存文件：res://scenes/game/ui/tutorial_overlay.tscn.remap[39m[0m
[  98% ] [90m[1msavepack[22m | 正在保存文件：res://scenes/game/ui/tutorial_pause_menu.tscn.remap[39m[0m
[  98% ] [90m[1msavepack[22m | 正在保存文件：res://scenes/game/ui/ui_motion_button.tscn.remap[39m[0m
[  98% ] [90m[1msavepack[22m | 正在保存文件：res://scenes/prototype/network/lan_lobby.tscn.remap[39m[0m
[  98% ] [90m[1msavepack[22m | 正在保存文件：res://scenes/prototype/network/lan_network_session.tscn.remap[39m[0m
[  98% ] [90m[1msavepack[22m | 正在保存文件：res://scenes/prototype/board_shell.tscn.remap[39m[0m
[  98% ] [90m[1msavepack[22m | 正在保存文件：res://scenes/prototype/gate1_logic_lab.tscn.remap[39m[0m
[  98% ] [90m[1msavepack[22m | 正在保存文件：res://scenes/prototype/match_controller.tscn.remap[39m[0m
[  98% ] [90m[1msavepack[22m | 正在保存文件：res://scenes/prototype/status_shell.tscn.remap[39m[0m
[  98% ] [90m[1msavepack[22m | 正在保存文件：res://.godot/global_script_class_cache.cfg[39m[0m
[  98% ] [90m[1msavepack[22m | 正在保存文件：res://.godot/uid_cache.bin[39m[0m
[  98% ] [90m[1msavepack[22m | 正在保存文件：res://project.binary[39m[0m
[92m[ DONE ][39m [1msavepack[22m
[0m
